This is XeTeX, Version 3.141592653-2.6-0.999997 (TeX Live 2025) (preloaded format=xelatex 2025.3.8)  9 JUN 2026 22:33
entering extended mode
 restricted \write18 enabled.
 %&-line parsing enabled.
**cs336_complete_notes.tex
(./cs336_complete_notes.tex
LaTeX2e <2024-11-01> patch level 2
L3 programming layer <2025-01-18>
(/usr/local/texlive/2025/texmf-dist/tex/latex/base/article.cls
Document Class: article 2024/06/29 v1.4n Standard LaTeX document class
(/usr/local/texlive/2025/texmf-dist/tex/latex/base/size10.clo
File: size10.clo 2024/06/29 v1.4n Standard LaTeX file (size option)
)
\c@part=\count192
\c@section=\count193
\c@subsection=\count194
\c@subsubsection=\count195
\c@paragraph=\count196
\c@subparagraph=\count197
\c@figure=\count198
\c@table=\count199
\abovecaptionskip=\skip49
\belowcaptionskip=\skip50
\bibindent=\dimen141
)
(/usr/local/texlive/2025/texmf-dist/tex/latex/ctex/ctex.sty
(/usr/local/texlive/2025/texmf-dist/tex/latex/l3kernel/expl3.sty
Package: expl3 2025-01-18 L3 programming layer (loader) 

(/usr/local/texlive/2025/texmf-dist/tex/latex/l3backend/l3backend-xetex.def
File: l3backend-xetex.def 2024-05-08 L3 backend support: XeTeX
\g__graphics_track_int=\count266
\l__pdf_internal_box=\box52
\g__pdf_backend_annotation_int=\count267
\g__pdf_backend_link_int=\count268
))
Package: ctex 2022/07/14 v2.5.10 Chinese adapter in LaTeX (CTEX)

(/usr/local/texlive/2025/texmf-dist/tex/latex/ctex/ctexhook.sty
Package: ctexhook 2022/07/14 v2.5.10 Document and package hooks (CTEX)
)
(/usr/local/texlive/2025/texmf-dist/tex/latex/ctex/ctexpatch.sty
Package: ctexpatch 2022/07/14 v2.5.10 Patching commands (CTEX)
)
(/usr/local/texlive/2025/texmf-dist/tex/latex/base/fix-cm.sty
Package: fix-cm 2020/11/24 v1.1t fixes to LaTeX

(/usr/local/texlive/2025/texmf-dist/tex/latex/base/ts1enc.def
File: ts1enc.def 2001/06/05 v3.0e (jk/car/fm) Standard LaTeX file
LaTeX Font Info:    Redeclaring font encoding TS1 on input line 47.
))
\l__ctex_tmp_int=\count269
\l__ctex_tmp_box=\box53
\l__ctex_tmp_dim=\dimen142
\g__ctex_section_depth_int=\count270
\g__ctex_font_size_int=\count271

(/usr/local/texlive/2025/texmf-dist/tex/latex/ctex/config/ctexopts.cfg
File: ctexopts.cfg 2022/07/14 v2.5.10 Option configuration file (CTEX)
)
(/usr/local/texlive/2025/texmf-dist/tex/latex/ctex/engine/ctex-engine-xetex.def
File: ctex-engine-xetex.def 2022/07/14 v2.5.10 XeLaTeX adapter (CTEX)
(/usr/local/texlive/2025/texmf-dist/tex/xelatex/xecjk/xeCJK.sty
Package: xeCJK 2022/08/05 v3.9.1 Typesetting CJK scripts with XeLaTeX

(/usr/local/texlive/2025/texmf-dist/tex/latex/l3packages/xtemplate/xtemplate.st
y
Package: xtemplate 2024-08-16 L3 Experimental prototype document functions
)
\l__xeCJK_tmp_int=\count272
\l__xeCJK_tmp_box=\box54
\l__xeCJK_tmp_dim=\dimen143
\l__xeCJK_tmp_skip=\skip51
\g__xeCJK_space_factor_int=\count273
\l__xeCJK_begin_int=\count274
\l__xeCJK_end_int=\count275
\c__xeCJK_CJK_class_int=\XeTeXcharclass1
\c__xeCJK_FullLeft_class_int=\XeTeXcharclass2
\c__xeCJK_FullRight_class_int=\XeTeXcharclass3
\c__xeCJK_HalfLeft_class_int=\XeTeXcharclass4
\c__xeCJK_HalfRight_class_int=\XeTeXcharclass5
\c__xeCJK_NormalSpace_class_int=\XeTeXcharclass6
\c__xeCJK_CM_class_int=\XeTeXcharclass7
\c__xeCJK_HangulJamo_class_int=\XeTeXcharclass8
\l__xeCJK_last_skip=\skip52
\c__xeCJK_none_node=\count276
\g__xeCJK_node_int=\count277
\c__xeCJK_CJK_node_dim=\dimen144
\c__xeCJK_CJK-space_node_dim=\dimen145
\c__xeCJK_default_node_dim=\dimen146
\c__xeCJK_CJK-widow_node_dim=\dimen147
\c__xeCJK_normalspace_node_dim=\dimen148
\c__xeCJK_default-space_node_skip=\skip53
\l__xeCJK_ccglue_skip=\skip54
\l__xeCJK_ecglue_skip=\skip55
\l__xeCJK_punct_kern_skip=\skip56
\l__xeCJK_indent_box=\box55
\l__xeCJK_last_penalty_int=\count278
\l__xeCJK_last_bound_dim=\dimen149
\l__xeCJK_last_kern_dim=\dimen150
\l__xeCJK_widow_penalty_int=\count279

LaTeX template Info: Declaring template type 'xeCJK/punctuation' taking 0
(template)           argument(s) on line 2396.

\l__xeCJK_fixed_punct_width_dim=\dimen151
\l__xeCJK_mixed_punct_width_dim=\dimen152
\l__xeCJK_middle_punct_width_dim=\dimen153
\l__xeCJK_fixed_margin_width_dim=\dimen154
\l__xeCJK_mixed_margin_width_dim=\dimen155
\l__xeCJK_middle_margin_width_dim=\dimen156
\l__xeCJK_bound_punct_width_dim=\dimen157
\l__xeCJK_bound_margin_width_dim=\dimen158
\l__xeCJK_margin_minimum_dim=\dimen159
\l__xeCJK_kerning_total_width_dim=\dimen160
\l__xeCJK_same_align_margin_dim=\dimen161
\l__xeCJK_different_align_margin_dim=\dimen162
\l__xeCJK_kerning_margin_width_dim=\dimen163
\l__xeCJK_kerning_margin_minimum_dim=\dimen164
\l__xeCJK_bound_dim=\dimen165
\l__xeCJK_reverse_bound_dim=\dimen166
\l__xeCJK_margin_dim=\dimen167
\l__xeCJK_minimum_bound_dim=\dimen168
\l__xeCJK_kerning_margin_dim=\dimen169
\g__xeCJK_family_int=\count280
\l__xeCJK_fam_int=\count281
\g__xeCJK_fam_allocation_int=\count282
\l__xeCJK_verb_case_int=\count283
\l__xeCJK_verb_exspace_skip=\skip57
 (/usr/local/texlive/2025/texmf-dist/tex/latex/fontspec/fontspec.sty
(/usr/local/texlive/2025/texmf-dist/tex/latex/l3packages/xparse/xparse.sty
Package: xparse 2024-08-16 L3 Experimental document command parser
)
Package: fontspec 2024/05/11 v2.9e Font selection for XeLaTeX and LuaLaTeX

(/usr/local/texlive/2025/texmf-dist/tex/latex/fontspec/fontspec-xetex.sty
Package: fontspec-xetex 2024/05/11 v2.9e Font selection for XeLaTeX and LuaLaTe
X
\l__fontspec_script_int=\count284
\l__fontspec_language_int=\count285
\l__fontspec_strnum_int=\count286
\l__fontspec_tmp_int=\count287
\l__fontspec_tmpa_int=\count288
\l__fontspec_tmpb_int=\count289
\l__fontspec_tmpc_int=\count290
\l__fontspec_em_int=\count291
\l__fontspec_emdef_int=\count292
\l__fontspec_strong_int=\count293
\l__fontspec_strongdef_int=\count294
\l__fontspec_tmpa_dim=\dimen170
\l__fontspec_tmpb_dim=\dimen171
\l__fontspec_tmpc_dim=\dimen172

(/usr/local/texlive/2025/texmf-dist/tex/latex/base/fontenc.sty
Package: fontenc 2021/04/29 v2.0v Standard LaTeX package
)
(/usr/local/texlive/2025/texmf-dist/tex/latex/fontspec/fontspec.cfg)))
(/usr/local/texlive/2025/texmf-dist/tex/xelatex/xecjk/xeCJK.cfg
File: xeCJK.cfg 2022/08/05 v3.9.1 Configuration file for xeCJK package
))
\ccwd=\dimen173
\l__ctex_ccglue_skip=\skip58
)
\l__ctex_ziju_dim=\dimen174

(/usr/local/texlive/2025/texmf-dist/tex/latex/zhnumber/zhnumber.sty
Package: zhnumber 2022/07/14 v3.0 Typesetting numbers with Chinese glyphs
\l__zhnum_scale_int=\count295
\l__zhnum_tmp_int=\count296

(/usr/local/texlive/2025/texmf-dist/tex/latex/zhnumber/zhnumber-utf8.cfg
File: zhnumber-utf8.cfg 2022/07/14 v3.0 Chinese numerals with UTF8 encoding
))
(/usr/local/texlive/2025/texmf-dist/tex/latex/ctex/scheme/ctex-scheme-chinese.d
ef
File: ctex-scheme-chinese.def 2022/07/14 v2.5.10 Chinese scheme for generic (CT
EX)
 (/usr/local/texlive/2025/texmf-dist/tex/latex/ctex/config/ctex-name-utf8.cfg
File: ctex-name-utf8.cfg 2022/07/14 v2.5.10 Caption with encoding UTF-8 (CTEX)
)) (/usr/local/texlive/2025/texmf-dist/tex/latex/tools/indentfirst.sty
Package: indentfirst 2023/07/02 v1.03 Indent first paragraph (DPC)
)
(/usr/local/texlive/2025/texmf-dist/tex/latex/ctex/ctex-c5size.clo
File: ctex-c5size.clo 2022/07/14 v2.5.10 c5size option (CTEX)
)
(/usr/local/texlive/2025/texmf-dist/tex/latex/ctex/fontset/ctex-fontset-fandol.
def
File: ctex-fontset-fandol.def 2022/07/14 v2.5.10 Fandol fonts definition (CTEX)


Package fontspec Info: 
(fontspec)             Script 'CJK' not explicitly supported within font
(fontspec)             'FandolSong-Regular'. Check the typeset output, and if
(fontspec)             it is okay then ignore this warning. Otherwise a
(fontspec)             different font should be chosen.


Package fontspec Info: 
(fontspec)             Font family 'FandolSong-Regular(0)' created for font
(fontspec)             'FandolSong-Regular' with options
(fontspec)             [Script={CJK},Extension={.otf},BoldFont={FandolSong-Bold
},ItalicFont={FandolKai-Regular}].
(fontspec)              
(fontspec)              This font family consists of the following NFSS
(fontspec)             series/shapes:
(fontspec)              
(fontspec)             - 'normal' (m/n) with NFSS spec.:
(fontspec)             <->"[FandolSong-Regular.otf]/OT:script=hani;language=dfl
t;"
(fontspec)             - 'bold' (b/n) with NFSS spec.:
(fontspec)             <->"[FandolSong-Bold.otf]/OT:script=hani;language=dflt;"

(fontspec)             - 'italic' (m/it) with NFSS spec.:
(fontspec)             <->"[FandolKai-Regular.otf]/OT:script=hani;language=dflt
;"

)) (/usr/local/texlive/2025/texmf-dist/tex/latex/ctex/config/ctex.cfg
File: ctex.cfg 2022/07/14 v2.5.10 Configuration file (CTEX)
)
(/usr/local/texlive/2025/texmf-dist/tex/latex/geometry/geometry.sty
Package: geometry 2020/01/02 v5.9 Page Geometry

(/usr/local/texlive/2025/texmf-dist/tex/latex/graphics/keyval.sty
Package: keyval 2022/05/29 v1.15 key=value parser (DPC)
\KV@toks@=\toks17
)
(/usr/local/texlive/2025/texmf-dist/tex/generic/iftex/ifvtex.sty
Package: ifvtex 2019/10/25 v1.7 ifvtex legacy package. Use iftex instead.

(/usr/local/texlive/2025/texmf-dist/tex/generic/iftex/iftex.sty
Package: iftex 2024/12/12 v1.0g TeX engine tests
))
\Gm@cnth=\count297
\Gm@cntv=\count298
\c@Gm@tempcnt=\count299
\Gm@bindingoffset=\dimen175
\Gm@wd@mp=\dimen176
\Gm@odd@mp=\dimen177
\Gm@even@mp=\dimen178
\Gm@layoutwidth=\dimen179
\Gm@layoutheight=\dimen180
\Gm@layouthoffset=\dimen181
\Gm@layoutvoffset=\dimen182
\Gm@dimlist=\toks18
)
(/usr/local/texlive/2025/texmf-dist/tex/latex/hyperref/hyperref.sty
Package: hyperref 2024-11-05 v7.01l Hypertext links for LaTeX

(/usr/local/texlive/2025/texmf-dist/tex/latex/kvsetkeys/kvsetkeys.sty
Package: kvsetkeys 2022-10-05 v1.19 Key value parser (HO)
)
(/usr/local/texlive/2025/texmf-dist/tex/generic/kvdefinekeys/kvdefinekeys.sty
Package: kvdefinekeys 2019-12-19 v1.6 Define keys (HO)
)
(/usr/local/texlive/2025/texmf-dist/tex/generic/pdfescape/pdfescape.sty
Package: pdfescape 2019/12/09 v1.15 Implements pdfTeX's escape features (HO)

(/usr/local/texlive/2025/texmf-dist/tex/generic/ltxcmds/ltxcmds.sty
Package: ltxcmds 2023-12-04 v1.26 LaTeX kernel commands for general use (HO)
)
(/usr/local/texlive/2025/texmf-dist/tex/generic/pdftexcmds/pdftexcmds.sty
Package: pdftexcmds 2020-06-27 v0.33 Utility functions of pdfTeX for LuaTeX (HO
)

(/usr/local/texlive/2025/texmf-dist/tex/generic/infwarerr/infwarerr.sty
Package: infwarerr 2019/12/03 v1.5 Providing info/warning/error messages (HO)
)
Package pdftexcmds Info: \pdf@primitive is available.
Package pdftexcmds Info: \pdf@ifprimitive is available.
Package pdftexcmds Info: \pdfdraftmode not found.
))
(/usr/local/texlive/2025/texmf-dist/tex/latex/hycolor/hycolor.sty
Package: hycolor 2020-01-27 v1.10 Color options for hyperref/bookmark (HO)
)
(/usr/local/texlive/2025/texmf-dist/tex/latex/hyperref/nameref.sty
Package: nameref 2023-11-26 v2.56 Cross-referencing by name of section

(/usr/local/texlive/2025/texmf-dist/tex/latex/refcount/refcount.sty
Package: refcount 2019/12/15 v3.6 Data extraction from label references (HO)
)
(/usr/local/texlive/2025/texmf-dist/tex/generic/gettitlestring/gettitlestring.s
ty
Package: gettitlestring 2019/12/15 v1.6 Cleanup title references (HO)
 (/usr/local/texlive/2025/texmf-dist/tex/latex/kvoptions/kvoptions.sty
Package: kvoptions 2022-06-15 v3.15 Key value format for package options (HO)
))
\c@section@level=\count300
)
(/usr/local/texlive/2025/texmf-dist/tex/latex/etoolbox/etoolbox.sty
Package: etoolbox 2025/02/11 v2.5l e-TeX tools for LaTeX (JAW)
\etb@tempcnta=\count301
)
(/usr/local/texlive/2025/texmf-dist/tex/generic/stringenc/stringenc.sty
Package: stringenc 2019/11/29 v1.12 Convert strings between diff. encodings (HO
)
)
\@linkdim=\dimen183
\Hy@linkcounter=\count302
\Hy@pagecounter=\count303

(/usr/local/texlive/2025/texmf-dist/tex/latex/hyperref/pd1enc.def
File: pd1enc.def 2024-11-05 v7.01l Hyperref: PDFDocEncoding definition (HO)
)
(/usr/local/texlive/2025/texmf-dist/tex/generic/intcalc/intcalc.sty
Package: intcalc 2019/12/15 v1.3 Expandable calculations with integers (HO)
)
\Hy@SavedSpaceFactor=\count304

(/usr/local/texlive/2025/texmf-dist/tex/latex/hyperref/puenc.def
File: puenc.def 2024-11-05 v7.01l Hyperref: PDF Unicode definition (HO)
)
Package hyperref Info: Option `unicode' set `true' on input line 4040.
Package hyperref Info: Hyper figures OFF on input line 4157.
Package hyperref Info: Link nesting OFF on input line 4162.
Package hyperref Info: Hyper index ON on input line 4165.
Package hyperref Info: Plain pages OFF on input line 4172.
Package hyperref Info: Backreferencing OFF on input line 4177.
Package hyperref Info: Implicit mode ON; LaTeX internals redefined.
Package hyperref Info: Bookmarks ON on input line 4424.
\c@Hy@tempcnt=\count305

(/usr/local/texlive/2025/texmf-dist/tex/latex/url/url.sty
\Urlmuskip=\muskip17
Package: url 2013/09/16  ver 3.4  Verb mode for urls, etc.
)
LaTeX Info: Redefining \url on input line 4763.
\XeTeXLinkMargin=\dimen184

(/usr/local/texlive/2025/texmf-dist/tex/generic/bitset/bitset.sty
Package: bitset 2019/12/09 v1.3 Handle bit-vector datatype (HO)

(/usr/local/texlive/2025/texmf-dist/tex/generic/bigintcalc/bigintcalc.sty
Package: bigintcalc 2019/12/15 v1.5 Expandable calculations on big integers (HO
)
))
\Fld@menulength=\count306
\Field@Width=\dimen185
\Fld@charsize=\dimen186
Package hyperref Info: Hyper figures OFF on input line 6042.
Package hyperref Info: Link nesting OFF on input line 6047.
Package hyperref Info: Hyper index ON on input line 6050.
Package hyperref Info: backreferencing OFF on input line 6057.
Package hyperref Info: Link coloring OFF on input line 6062.
Package hyperref Info: Link coloring with OCG OFF on input line 6067.
Package hyperref Info: PDF/A mode OFF on input line 6072.

(/usr/local/texlive/2025/texmf-dist/tex/latex/base/atbegshi-ltx.sty
Package: atbegshi-ltx 2021/01/10 v1.0c Emulation of the original atbegshi
package with kernel methods
)
\Hy@abspage=\count307
\c@Item=\count308
\c@Hfootnote=\count309
)
Package hyperref Info: Driver (autodetected): hxetex.

(/usr/local/texlive/2025/texmf-dist/tex/latex/hyperref/hxetex.def
File: hxetex.def 2024-11-05 v7.01l Hyperref driver for XeTeX
\pdfm@box=\box56
\c@Hy@AnnotLevel=\count310
\HyField@AnnotCount=\count311
\Fld@listcount=\count312
\c@bookmark@seq@number=\count313

(/usr/local/texlive/2025/texmf-dist/tex/latex/rerunfilecheck/rerunfilecheck.sty
Package: rerunfilecheck 2022-07-10 v1.10 Rerun checks for auxiliary files (HO)
(/usr/local/texlive/2025/texmf-dist/tex/latex/base/atveryend-ltx.sty
Package: atveryend-ltx 2020/08/19 v1.0a Emulation of the original atveryend pac
kage
with kernel methods
)
(/usr/local/texlive/2025/texmf-dist/tex/generic/uniquecounter/uniquecounter.sty
Package: uniquecounter 2019/12/15 v1.4 Provide unlimited unique counter (HO)
)
Package uniquecounter Info: New unique counter `rerunfilecheck' on input line 2
85.
)
\Hy@SectionHShift=\skip59
) (/usr/local/texlive/2025/texmf-dist/tex/latex/pdfpages/pdfpages.sty
Package: pdfpages 2025/01/30 v0.6e Insert pages of external PDF documents (AM)

(/usr/local/texlive/2025/texmf-dist/tex/latex/base/ifthen.sty
Package: ifthen 2024/03/16 v1.1e Standard LaTeX ifthen package (DPC)
)
(/usr/local/texlive/2025/texmf-dist/tex/latex/tools/calc.sty
Package: calc 2023/07/08 v4.3 Infix arithmetic (KKT,FJ)
\calc@Acount=\count314
\calc@Bcount=\count315
\calc@Adimen=\dimen187
\calc@Bdimen=\dimen188
\calc@Askip=\skip60
\calc@Bskip=\skip61
LaTeX Info: Redefining \setlength on input line 80.
LaTeX Info: Redefining \addtolength on input line 81.
\calc@Ccount=\count316
\calc@Cskip=\skip62
)
(/usr/local/texlive/2025/texmf-dist/tex/latex/eso-pic/eso-pic.sty
Package: eso-pic 2023/05/03 v3.0c eso-pic (RN)
\ESO@tempdima=\dimen189
\ESO@tempdimb=\dimen190

(/usr/local/texlive/2025/texmf-dist/tex/latex/xcolor/xcolor.sty
Package: xcolor 2024/09/29 v3.02 LaTeX color extensions (UK)

(/usr/local/texlive/2025/texmf-dist/tex/latex/graphics-cfg/color.cfg
File: color.cfg 2016/01/02 v1.6 sample color configuration
)
Package xcolor Info: Driver file: xetex.def on input line 274.

(/usr/local/texlive/2025/texmf-dist/tex/latex/graphics-def/xetex.def
File: xetex.def 2022/09/22 v5.0n Graphics/color driver for xetex
)
(/usr/local/texlive/2025/texmf-dist/tex/latex/graphics/mathcolor.ltx)
Package xcolor Info: Model `cmy' substituted by `cmy0' on input line 1349.
Package xcolor Info: Model `RGB' extended on input line 1365.
Package xcolor Info: Model `HTML' substituted by `rgb' on input line 1367.
Package xcolor Info: Model `Hsb' substituted by `hsb' on input line 1368.
Package xcolor Info: Model `tHsb' substituted by `hsb' on input line 1369.
Package xcolor Info: Model `HSB' substituted by `hsb' on input line 1370.
Package xcolor Info: Model `Gray' substituted by `gray' on input line 1371.
Package xcolor Info: Model `wave' substituted by `hsb' on input line 1372.
))
(/usr/local/texlive/2025/texmf-dist/tex/latex/graphics/graphicx.sty
Package: graphicx 2021/09/16 v1.2d Enhanced LaTeX Graphics (DPC,SPQR)

(/usr/local/texlive/2025/texmf-dist/tex/latex/graphics/graphics.sty
Package: graphics 2024/08/06 v1.4g Standard LaTeX Graphics (DPC,SPQR)

(/usr/local/texlive/2025/texmf-dist/tex/latex/graphics/trig.sty
Package: trig 2023/12/02 v1.11 sin cos tan (DPC)
)
(/usr/local/texlive/2025/texmf-dist/tex/latex/graphics-cfg/graphics.cfg
File: graphics.cfg 2016/06/04 v1.11 sample graphics configuration
)
Package graphics Info: Driver file: xetex.def on input line 106.
)
\Gin@req@height=\dimen191
\Gin@req@width=\dimen192
)
\AM@pagewidth=\dimen193
\AM@pageheight=\dimen194
\AM@fboxrule=\dimen195

(/usr/local/texlive/2025/texmf-dist/tex/latex/pdfpages/ppxetex.def
File: ppxetex.def 2025/01/30 v0.6e Pdfpages driver for XeTeX (AM)
)
\pdfpages@includegraphics@status=\count317
\AM@pagebox=\box57
\AM@global@opts=\toks19
\AM@pagecnt=\count318
\AM@toc@title=\toks20
\AM@lof@heading=\toks21
\c@AM@survey=\count319
\AM@templatesizebox=\box58
)
(/usr/local/texlive/2025/texmf-dist/tex/latex/tools/longtable.sty
Package: longtable 2024-10-27 v4.22 Multi-page Table package (DPC)
\LTleft=\skip63
\LTright=\skip64
\LTpre=\skip65
\LTpost=\skip66
\LTchunksize=\count320
\LTcapwidth=\dimen196
\LT@head=\box59
\LT@firsthead=\box60
\LT@foot=\box61
\LT@lastfoot=\box62
\LT@gbox=\box63
\LT@cols=\count321
\LT@rows=\count322
\c@LT@tables=\count323
\c@LT@chunks=\count324
\LT@p@ftn=\toks22
)
(/usr/local/texlive/2025/texmf-dist/tex/latex/booktabs/booktabs.sty
Package: booktabs 2020/01/12 v1.61803398 Publication quality tables
\heavyrulewidth=\dimen197
\lightrulewidth=\dimen198
\cmidrulewidth=\dimen199
\belowrulesep=\dimen256
\belowbottomsep=\dimen257
\aboverulesep=\dimen258
\abovetopsep=\dimen259
\cmidrulesep=\dimen260
\cmidrulekern=\dimen261
\defaultaddspace=\dimen262
\@cmidla=\count325
\@cmidlb=\count326
\@aboverulesep=\dimen263
\@belowrulesep=\dimen264
\@thisruleclass=\count327
\@lastruleclass=\count328
\@thisrulewidth=\dimen265
)
Package hyperref Info: Option `colorlinks' set `true' on input line 7.

(./cs336_complete_notes.aux)
\openout1 = `cs336_complete_notes.aux'.

LaTeX Font Info:    Checking defaults for OML/cmm/m/it on input line 12.
LaTeX Font Info:    ... okay on input line 12.
LaTeX Font Info:    Checking defaults for OMS/cmsy/m/n on input line 12.
LaTeX Font Info:    ... okay on input line 12.
LaTeX Font Info:    Checking defaults for OT1/cmr/m/n on input line 12.
LaTeX Font Info:    ... okay on input line 12.
LaTeX Font Info:    Checking defaults for T1/cmr/m/n on input line 12.
LaTeX Font Info:    ... okay on input line 12.
LaTeX Font Info:    Checking defaults for TS1/cmr/m/n on input line 12.
LaTeX Font Info:    ... okay on input line 12.
LaTeX Font Info:    Checking defaults for TU/lmr/m/n on input line 12.
LaTeX Font Info:    ... okay on input line 12.
LaTeX Font Info:    Checking defaults for OMX/cmex/m/n on input line 12.
LaTeX Font Info:    ... okay on input line 12.
LaTeX Font Info:    Checking defaults for U/cmr/m/n on input line 12.
LaTeX Font Info:    ... okay on input line 12.
LaTeX Font Info:    Checking defaults for PD1/pdf/m/n on input line 12.
LaTeX Font Info:    ... okay on input line 12.
LaTeX Font Info:    Checking defaults for PU/pdf/m/n on input line 12.
LaTeX Font Info:    ... okay on input line 12.

Package fontspec Info: 
(fontspec)             Adjusting the maths setup (use [no-math] to avoid
(fontspec)             this).

\symlegacymaths=\mathgroup4
LaTeX Font Info:    Overwriting symbol font `legacymaths' in version `bold'
(Font)                  OT1/cmr/m/n --> OT1/cmr/bx/n on input line 12.
LaTeX Font Info:    Redeclaring math accent \acute on input line 12.
LaTeX Font Info:    Redeclaring math accent \grave on input line 12.
LaTeX Font Info:    Redeclaring math accent \ddot on input line 12.
LaTeX Font Info:    Redeclaring math accent \tilde on input line 12.
LaTeX Font Info:    Redeclaring math accent \bar on input line 12.
LaTeX Font Info:    Redeclaring math accent \breve on input line 12.
LaTeX Font Info:    Redeclaring math accent \check on input line 12.
LaTeX Font Info:    Redeclaring math accent \hat on input line 12.
LaTeX Font Info:    Redeclaring math accent \dot on input line 12.
LaTeX Font Info:    Redeclaring math accent \mathring on input line 12.
LaTeX Font Info:    Redeclaring math symbol \colon on input line 12.
LaTeX Font Info:    Redeclaring math symbol \Gamma on input line 12.
LaTeX Font Info:    Redeclaring math symbol \Delta on input line 12.
LaTeX Font Info:    Redeclaring math symbol \Theta on input line 12.
LaTeX Font Info:    Redeclaring math symbol \Lambda on input line 12.
LaTeX Font Info:    Redeclaring math symbol \Xi on input line 12.
LaTeX Font Info:    Redeclaring math symbol \Pi on input line 12.
LaTeX Font Info:    Redeclaring math symbol \Sigma on input line 12.
LaTeX Font Info:    Redeclaring math symbol \Upsilon on input line 12.
LaTeX Font Info:    Redeclaring math symbol \Phi on input line 12.
LaTeX Font Info:    Redeclaring math symbol \Psi on input line 12.
LaTeX Font Info:    Redeclaring math symbol \Omega on input line 12.
LaTeX Font Info:    Redeclaring math symbol \mathdollar on input line 12.
LaTeX Font Info:    Redeclaring symbol font `operators' on input line 12.
LaTeX Font Info:    Encoding `OT1' has changed to `TU' for symbol font
(Font)              `operators' in the math version `normal' on input line 12.
LaTeX Font Info:    Overwriting symbol font `operators' in version `normal'
(Font)                  OT1/cmr/m/n --> TU/lmr/m/n on input line 12.
LaTeX Font Info:    Encoding `OT1' has changed to `TU' for symbol font
(Font)              `operators' in the math version `bold' on input line 12.
LaTeX Font Info:    Overwriting symbol font `operators' in version `bold'
(Font)                  OT1/cmr/bx/n --> TU/lmr/m/n on input line 12.
LaTeX Font Info:    Overwriting symbol font `operators' in version `normal'
(Font)                  TU/lmr/m/n --> TU/lmr/m/n on input line 12.
LaTeX Font Info:    Overwriting math alphabet `\mathit' in version `normal'
(Font)                  OT1/cmr/m/it --> TU/lmr/m/it on input line 12.
LaTeX Font Info:    Overwriting math alphabet `\mathbf' in version `normal'
(Font)                  OT1/cmr/bx/n --> TU/lmr/b/n on input line 12.
LaTeX Font Info:    Overwriting math alphabet `\mathsf' in version `normal'
(Font)                  OT1/cmss/m/n --> TU/lmss/m/n on input line 12.
LaTeX Font Info:    Overwriting math alphabet `\mathtt' in version `normal'
(Font)                  OT1/cmtt/m/n --> TU/lmtt/m/n on input line 12.
LaTeX Font Info:    Overwriting symbol font `operators' in version `bold'
(Font)                  TU/lmr/m/n --> TU/lmr/b/n on input line 12.
LaTeX Font Info:    Overwriting math alphabet `\mathit' in version `bold'
(Font)                  OT1/cmr/bx/it --> TU/lmr/b/it on input line 12.
LaTeX Font Info:    Overwriting math alphabet `\mathsf' in version `bold'
(Font)                  OT1/cmss/bx/n --> TU/lmss/b/n on input line 12.
LaTeX Font Info:    Overwriting math alphabet `\mathtt' in version `bold'
(Font)                  OT1/cmtt/m/n --> TU/lmtt/b/n on input line 12.

*geometry* driver: auto-detecting
*geometry* detected driver: xetex
*geometry* verbose mode - [ preamble ] result:
* driver: xetex
* paper: a4paper
* layout: <same size as paper>
* layoutoffset:(h,v)=(0.0pt,0.0pt)
* modes: 
* h-part:(L,W,R)=(56.9055pt, 483.69687pt, 56.9055pt)
* v-part:(T,H,B)=(56.9055pt, 731.23584pt, 56.9055pt)
* \paperwidth=597.50787pt
* \paperheight=845.04684pt
* \textwidth=483.69687pt
* \textheight=731.23584pt
* \oddsidemargin=-15.36449pt
* \evensidemargin=-15.36449pt
* \topmargin=-52.36449pt
* \headheight=12.0pt
* \headsep=25.0pt
* \topskip=10.0pt
* \footskip=30.0pt
* \marginparwidth=57.0pt
* \marginparsep=11.0pt
* \columnsep=10.0pt
* \skip\footins=9.0pt plus 4.0pt minus 2.0pt
* \hoffset=0.0pt
* \voffset=0.0pt
* \mag=1000
* \@twocolumnfalse
* \@twosidefalse
* \@mparswitchfalse
* \@reversemarginfalse
* (1in=72.27pt=25.4mm, 1cm=28.453pt)

Package hyperref Info: Link coloring ON on input line 12.
(./cs336_complete_notes.out) (./cs336_complete_notes.out)
\@outlinefile=\write3
\openout3 = `cs336_complete_notes.out'.


(/usr/local/texlive/2025/texmf-dist/tex/latex/pdflscape/pdflscape.sty
Package: pdflscape 2022-10-27 v0.13 Display of landscape pages in PDF

(/usr/local/texlive/2025/texmf-dist/tex/latex/pdflscape/pdflscape-nometadata.st
y
Package: pdflscape-nometadata 2022-10-28 v0.13 Display of landscape pages in PD
F (HO)
 (/usr/local/texlive/2025/texmf-dist/tex/latex/graphics/lscape.sty
Package: lscape 2020/05/28 v3.02 Landscape Pages (DPC)
)
Package pdflscape Info: Auto-detected driver: dvipdfm (xetex) on input line 98.

))
LaTeX Font Info:    External font `cmex10' loaded for size
(Font)              <12.045> on input line 14.
LaTeX Font Info:    External font `cmex10' loaded for size
(Font)              <8> on input line 14.
LaTeX Font Info:    External font `cmex10' loaded for size
(Font)              <6> on input line 14.

(./cs336_complete_notes.toc

[1

])
\tf@toc=\write4
\openout4 = `cs336_complete_notes.toc'.



[2]

Package fontspec Info: 
(fontspec)             Script 'CJK' not explicitly supported within font
(fontspec)             'FandolFang-Regular'. Check the typeset output, and if
(fontspec)             it is okay then ignore this warning. Otherwise a
(fontspec)             different font should be chosen.


Package fontspec Info: 
(fontspec)             Font family 'FandolFang-Regular(0)' created for font
(fontspec)             'FandolFang-Regular' with options
(fontspec)             [Script={CJK},Extension={.otf}].
(fontspec)              
(fontspec)              This font family consists of the following NFSS
(fontspec)             series/shapes:
(fontspec)              
(fontspec)             - 'normal' (m/n) with NFSS spec.:
(fontspec)             <->"[FandolFang-Regular.otf]/OT:script=hani;language=dfl
t;"

LaTeX Font Info:    External font `cmex10' loaded for size
(Font)              <10.53937> on input line 19.
LaTeX Font Info:    External font `cmex10' loaded for size
(Font)              <7> on input line 19.
LaTeX Font Info:    External font `cmex10' loaded for size
(Font)              <5> on input line 19.

Overfull \hbox (9.30334pt too wide) in alignment at lines 23--46
 [] [] [] [] 
 []

[3]
File: ../lectures/01_overview_and_tokenization/lecture_01_note.pdf Graphic file
 (type pdf)
<use ../lectures/01_overview_and_tokenization/lecture_01_note.pdf>
File: ../lectures/01_overview_and_tokenization/lecture_01_note.pdf Graphic file
 (type pdf)
<use ../lectures/01_overview_and_tokenization/lecture_01_note.pdf, page 1>
File: ../lectures/01_overview_and_tokenization/lecture_01_note.pdf Graphic file
 (type pdf)
<use ../lectures/01_overview_and_tokenization/lecture_01_note.pdf, page 1>


[4]
File: ../lectures/01_overview_and_tokenization/lecture_01_note.pdf Graphic file
 (type pdf)
<use ../lectures/01_overview_and_tokenization/lecture_01_note.pdf, page 1>
File: ../lectures/01_overview_and_tokenization/lecture_01_note.pdf Graphic file
 (type pdf)
<use ../lectures/01_overview_and_tokenization/lecture_01_note.pdf, page 1>


File: ../lectures/01_overview_and_tokenization/lecture_01_note.pdf Graphic file
 (type pdf)
<use ../lectures/01_overview_and_tokenization/lecture_01_note.pdf, page 1>
[5

]
File: ../lectures/01_overview_and_tokenization/lecture_01_note.pdf Graphic file
 (type pdf)
<use ../lectures/01_overview_and_tokenization/lecture_01_note.pdf, page 2>
File: ../lectures/01_overview_and_tokenization/lecture_01_note.pdf Graphic file
 (type pdf)
<use ../lectures/01_overview_and_tokenization/lecture_01_note.pdf, page 2>


File: ../lectures/01_overview_and_tokenization/lecture_01_note.pdf Graphic file
 (type pdf)
<use ../lectures/01_overview_and_tokenization/lecture_01_note.pdf, page 2>
[6

]
File: ../lectures/01_overview_and_tokenization/lecture_01_note.pdf Graphic file
 (type pdf)
<use ../lectures/01_overview_and_tokenization/lecture_01_note.pdf, page 3>
File: ../lectures/01_overview_and_tokenization/lecture_01_note.pdf Graphic file
 (type pdf)
<use ../lectures/01_overview_and_tokenization/lecture_01_note.pdf, page 3>


File: ../lectures/01_overview_and_tokenization/lecture_01_note.pdf Graphic file
 (type pdf)
<use ../lectures/01_overview_and_tokenization/lecture_01_note.pdf, page 3>
[7

]
File: ../lectures/01_overview_and_tokenization/lecture_01_note.pdf Graphic file
 (type pdf)
<use ../lectures/01_overview_and_tokenization/lecture_01_note.pdf, page 4>
File: ../lectures/01_overview_and_tokenization/lecture_01_note.pdf Graphic file
 (type pdf)
<use ../lectures/01_overview_and_tokenization/lecture_01_note.pdf, page 4>


File: ../lectures/01_overview_and_tokenization/lecture_01_note.pdf Graphic file
 (type pdf)
<use ../lectures/01_overview_and_tokenization/lecture_01_note.pdf, page 4>
[8

]
File: ../lectures/01_overview_and_tokenization/lecture_01_note.pdf Graphic file
 (type pdf)
<use ../lectures/01_overview_and_tokenization/lecture_01_note.pdf, page 5>
File: ../lectures/01_overview_and_tokenization/lecture_01_note.pdf Graphic file
 (type pdf)
<use ../lectures/01_overview_and_tokenization/lecture_01_note.pdf, page 5>


File: ../lectures/01_overview_and_tokenization/lecture_01_note.pdf Graphic file
 (type pdf)
<use ../lectures/01_overview_and_tokenization/lecture_01_note.pdf, page 5>
[9

]
File: ../lectures/01_overview_and_tokenization/lecture_01_note.pdf Graphic file
 (type pdf)
<use ../lectures/01_overview_and_tokenization/lecture_01_note.pdf, page 6>
File: ../lectures/01_overview_and_tokenization/lecture_01_note.pdf Graphic file
 (type pdf)
<use ../lectures/01_overview_and_tokenization/lecture_01_note.pdf, page 6>


File: ../lectures/01_overview_and_tokenization/lecture_01_note.pdf Graphic file
 (type pdf)
<use ../lectures/01_overview_and_tokenization/lecture_01_note.pdf, page 6>
[10

]
File: ../lectures/01_overview_and_tokenization/lecture_01_note.pdf Graphic file
 (type pdf)
<use ../lectures/01_overview_and_tokenization/lecture_01_note.pdf, page 7>
File: ../lectures/01_overview_and_tokenization/lecture_01_note.pdf Graphic file
 (type pdf)
<use ../lectures/01_overview_and_tokenization/lecture_01_note.pdf, page 7>


File: ../lectures/01_overview_and_tokenization/lecture_01_note.pdf Graphic file
 (type pdf)
<use ../lectures/01_overview_and_tokenization/lecture_01_note.pdf, page 7>
[11

]
File: ../lectures/01_overview_and_tokenization/lecture_01_note.pdf Graphic file
 (type pdf)
<use ../lectures/01_overview_and_tokenization/lecture_01_note.pdf, page 8>
File: ../lectures/01_overview_and_tokenization/lecture_01_note.pdf Graphic file
 (type pdf)
<use ../lectures/01_overview_and_tokenization/lecture_01_note.pdf, page 8>


File: ../lectures/01_overview_and_tokenization/lecture_01_note.pdf Graphic file
 (type pdf)
<use ../lectures/01_overview_and_tokenization/lecture_01_note.pdf, page 8>
[12

]
File: ../lectures/01_overview_and_tokenization/lecture_01_note.pdf Graphic file
 (type pdf)
<use ../lectures/01_overview_and_tokenization/lecture_01_note.pdf, page 9>
File: ../lectures/01_overview_and_tokenization/lecture_01_note.pdf Graphic file
 (type pdf)
<use ../lectures/01_overview_and_tokenization/lecture_01_note.pdf, page 9>


File: ../lectures/01_overview_and_tokenization/lecture_01_note.pdf Graphic file
 (type pdf)
<use ../lectures/01_overview_and_tokenization/lecture_01_note.pdf, page 9>
[13

]
File: ../lectures/01_overview_and_tokenization/lecture_01_note.pdf Graphic file
 (type pdf)
<use ../lectures/01_overview_and_tokenization/lecture_01_note.pdf, page 10>
File: ../lectures/01_overview_and_tokenization/lecture_01_note.pdf Graphic file
 (type pdf)
<use ../lectures/01_overview_and_tokenization/lecture_01_note.pdf, page 10>


File: ../lectures/01_overview_and_tokenization/lecture_01_note.pdf Graphic file
 (type pdf)
<use ../lectures/01_overview_and_tokenization/lecture_01_note.pdf, page 10>
[14

]
File: ../lectures/01_overview_and_tokenization/lecture_01_note.pdf Graphic file
 (type pdf)
<use ../lectures/01_overview_and_tokenization/lecture_01_note.pdf, page 11>
File: ../lectures/01_overview_and_tokenization/lecture_01_note.pdf Graphic file
 (type pdf)
<use ../lectures/01_overview_and_tokenization/lecture_01_note.pdf, page 11>


File: ../lectures/01_overview_and_tokenization/lecture_01_note.pdf Graphic file
 (type pdf)
<use ../lectures/01_overview_and_tokenization/lecture_01_note.pdf, page 11>
[15

]
File: ../lectures/01_overview_and_tokenization/lecture_01_note.pdf Graphic file
 (type pdf)
<use ../lectures/01_overview_and_tokenization/lecture_01_note.pdf, page 12>
File: ../lectures/01_overview_and_tokenization/lecture_01_note.pdf Graphic file
 (type pdf)
<use ../lectures/01_overview_and_tokenization/lecture_01_note.pdf, page 12>


File: ../lectures/01_overview_and_tokenization/lecture_01_note.pdf Graphic file
 (type pdf)
<use ../lectures/01_overview_and_tokenization/lecture_01_note.pdf, page 12>
[16

]
File: ../lectures/01_overview_and_tokenization/lecture_01_note.pdf Graphic file
 (type pdf)
<use ../lectures/01_overview_and_tokenization/lecture_01_note.pdf, page 13>
File: ../lectures/01_overview_and_tokenization/lecture_01_note.pdf Graphic file
 (type pdf)
<use ../lectures/01_overview_and_tokenization/lecture_01_note.pdf, page 13>


File: ../lectures/01_overview_and_tokenization/lecture_01_note.pdf Graphic file
 (type pdf)
<use ../lectures/01_overview_and_tokenization/lecture_01_note.pdf, page 13>
[17

]
File: ../lectures/01_overview_and_tokenization/lecture_01_note.pdf Graphic file
 (type pdf)
<use ../lectures/01_overview_and_tokenization/lecture_01_note.pdf, page 14>
File: ../lectures/01_overview_and_tokenization/lecture_01_note.pdf Graphic file
 (type pdf)
<use ../lectures/01_overview_and_tokenization/lecture_01_note.pdf, page 14>


File: ../lectures/01_overview_and_tokenization/lecture_01_note.pdf Graphic file
 (type pdf)
<use ../lectures/01_overview_and_tokenization/lecture_01_note.pdf, page 14>
[18

]
File: ../lectures/01_overview_and_tokenization/lecture_01_note.pdf Graphic file
 (type pdf)
<use ../lectures/01_overview_and_tokenization/lecture_01_note.pdf, page 15>
File: ../lectures/01_overview_and_tokenization/lecture_01_note.pdf Graphic file
 (type pdf)
<use ../lectures/01_overview_and_tokenization/lecture_01_note.pdf, page 15>


File: ../lectures/01_overview_and_tokenization/lecture_01_note.pdf Graphic file
 (type pdf)
<use ../lectures/01_overview_and_tokenization/lecture_01_note.pdf, page 15>
[19

]
File: ../lectures/01_overview_and_tokenization/lecture_01_note.pdf Graphic file
 (type pdf)
<use ../lectures/01_overview_and_tokenization/lecture_01_note.pdf, page 16>
File: ../lectures/01_overview_and_tokenization/lecture_01_note.pdf Graphic file
 (type pdf)
<use ../lectures/01_overview_and_tokenization/lecture_01_note.pdf, page 16>


File: ../lectures/01_overview_and_tokenization/lecture_01_note.pdf Graphic file
 (type pdf)
<use ../lectures/01_overview_and_tokenization/lecture_01_note.pdf, page 16>
[20

]
File: ../lectures/01_overview_and_tokenization/lecture_01_note.pdf Graphic file
 (type pdf)
<use ../lectures/01_overview_and_tokenization/lecture_01_note.pdf, page 17>
File: ../lectures/01_overview_and_tokenization/lecture_01_note.pdf Graphic file
 (type pdf)
<use ../lectures/01_overview_and_tokenization/lecture_01_note.pdf, page 17>


File: ../lectures/01_overview_and_tokenization/lecture_01_note.pdf Graphic file
 (type pdf)
<use ../lectures/01_overview_and_tokenization/lecture_01_note.pdf, page 17>
[21

]
File: ../lectures/01_overview_and_tokenization/lecture_01_note.pdf Graphic file
 (type pdf)
<use ../lectures/01_overview_and_tokenization/lecture_01_note.pdf, page 18>
File: ../lectures/01_overview_and_tokenization/lecture_01_note.pdf Graphic file
 (type pdf)
<use ../lectures/01_overview_and_tokenization/lecture_01_note.pdf, page 18>


File: ../lectures/01_overview_and_tokenization/lecture_01_note.pdf Graphic file
 (type pdf)
<use ../lectures/01_overview_and_tokenization/lecture_01_note.pdf, page 18>
[22

]
File: ../lectures/02_pytorch_resource_accounting/lecture_02_note.pdf Graphic fi
le (type pdf)
<use ../lectures/02_pytorch_resource_accounting/lecture_02_note.pdf>
File: ../lectures/02_pytorch_resource_accounting/lecture_02_note.pdf Graphic fi
le (type pdf)
<use ../lectures/02_pytorch_resource_accounting/lecture_02_note.pdf, page 1>
File: ../lectures/02_pytorch_resource_accounting/lecture_02_note.pdf Graphic fi
le (type pdf)
<use ../lectures/02_pytorch_resource_accounting/lecture_02_note.pdf, page 1>


[23]
File: ../lectures/02_pytorch_resource_accounting/lecture_02_note.pdf Graphic fi
le (type pdf)
<use ../lectures/02_pytorch_resource_accounting/lecture_02_note.pdf, page 1>
File: ../lectures/02_pytorch_resource_accounting/lecture_02_note.pdf Graphic fi
le (type pdf)
<use ../lectures/02_pytorch_resource_accounting/lecture_02_note.pdf, page 1>


File: ../lectures/02_pytorch_resource_accounting/lecture_02_note.pdf Graphic fi
le (type pdf)
<use ../lectures/02_pytorch_resource_accounting/lecture_02_note.pdf, page 1>
[24

]
File: ../lectures/02_pytorch_resource_accounting/lecture_02_note.pdf Graphic fi
le (type pdf)
<use ../lectures/02_pytorch_resource_accounting/lecture_02_note.pdf, page 2>
File: ../lectures/02_pytorch_resource_accounting/lecture_02_note.pdf Graphic fi
le (type pdf)
<use ../lectures/02_pytorch_resource_accounting/lecture_02_note.pdf, page 2>


File: ../lectures/02_pytorch_resource_accounting/lecture_02_note.pdf Graphic fi
le (type pdf)
<use ../lectures/02_pytorch_resource_accounting/lecture_02_note.pdf, page 2>
[25

]
File: ../lectures/02_pytorch_resource_accounting/lecture_02_note.pdf Graphic fi
le (type pdf)
<use ../lectures/02_pytorch_resource_accounting/lecture_02_note.pdf, page 3>
File: ../lectures/02_pytorch_resource_accounting/lecture_02_note.pdf Graphic fi
le (type pdf)
<use ../lectures/02_pytorch_resource_accounting/lecture_02_note.pdf, page 3>


File: ../lectures/02_pytorch_resource_accounting/lecture_02_note.pdf Graphic fi
le (type pdf)
<use ../lectures/02_pytorch_resource_accounting/lecture_02_note.pdf, page 3>
[26

]
File: ../lectures/02_pytorch_resource_accounting/lecture_02_note.pdf Graphic fi
le (type pdf)
<use ../lectures/02_pytorch_resource_accounting/lecture_02_note.pdf, page 4>
File: ../lectures/02_pytorch_resource_accounting/lecture_02_note.pdf Graphic fi
le (type pdf)
<use ../lectures/02_pytorch_resource_accounting/lecture_02_note.pdf, page 4>


File: ../lectures/02_pytorch_resource_accounting/lecture_02_note.pdf Graphic fi
le (type pdf)
<use ../lectures/02_pytorch_resource_accounting/lecture_02_note.pdf, page 4>
[27

]
File: ../lectures/02_pytorch_resource_accounting/lecture_02_note.pdf Graphic fi
le (type pdf)
<use ../lectures/02_pytorch_resource_accounting/lecture_02_note.pdf, page 5>
File: ../lectures/02_pytorch_resource_accounting/lecture_02_note.pdf Graphic fi
le (type pdf)
<use ../lectures/02_pytorch_resource_accounting/lecture_02_note.pdf, page 5>


File: ../lectures/02_pytorch_resource_accounting/lecture_02_note.pdf Graphic fi
le (type pdf)
<use ../lectures/02_pytorch_resource_accounting/lecture_02_note.pdf, page 5>
[28

]
File: ../lectures/02_pytorch_resource_accounting/lecture_02_note.pdf Graphic fi
le (type pdf)
<use ../lectures/02_pytorch_resource_accounting/lecture_02_note.pdf, page 6>
File: ../lectures/02_pytorch_resource_accounting/lecture_02_note.pdf Graphic fi
le (type pdf)
<use ../lectures/02_pytorch_resource_accounting/lecture_02_note.pdf, page 6>


File: ../lectures/02_pytorch_resource_accounting/lecture_02_note.pdf Graphic fi
le (type pdf)
<use ../lectures/02_pytorch_resource_accounting/lecture_02_note.pdf, page 6>
[29

]
File: ../lectures/02_pytorch_resource_accounting/lecture_02_note.pdf Graphic fi
le (type pdf)
<use ../lectures/02_pytorch_resource_accounting/lecture_02_note.pdf, page 7>
File: ../lectures/02_pytorch_resource_accounting/lecture_02_note.pdf Graphic fi
le (type pdf)
<use ../lectures/02_pytorch_resource_accounting/lecture_02_note.pdf, page 7>


File: ../lectures/02_pytorch_resource_accounting/lecture_02_note.pdf Graphic fi
le (type pdf)
<use ../lectures/02_pytorch_resource_accounting/lecture_02_note.pdf, page 7>
[30

]
File: ../lectures/02_pytorch_resource_accounting/lecture_02_note.pdf Graphic fi
le (type pdf)
<use ../lectures/02_pytorch_resource_accounting/lecture_02_note.pdf, page 8>
File: ../lectures/02_pytorch_resource_accounting/lecture_02_note.pdf Graphic fi
le (type pdf)
<use ../lectures/02_pytorch_resource_accounting/lecture_02_note.pdf, page 8>


File: ../lectures/02_pytorch_resource_accounting/lecture_02_note.pdf Graphic fi
le (type pdf)
<use ../lectures/02_pytorch_resource_accounting/lecture_02_note.pdf, page 8>
[31

]
File: ../lectures/02_pytorch_resource_accounting/lecture_02_note.pdf Graphic fi
le (type pdf)
<use ../lectures/02_pytorch_resource_accounting/lecture_02_note.pdf, page 9>
File: ../lectures/02_pytorch_resource_accounting/lecture_02_note.pdf Graphic fi
le (type pdf)
<use ../lectures/02_pytorch_resource_accounting/lecture_02_note.pdf, page 9>


File: ../lectures/02_pytorch_resource_accounting/lecture_02_note.pdf Graphic fi
le (type pdf)
<use ../lectures/02_pytorch_resource_accounting/lecture_02_note.pdf, page 9>
[32

]
File: ../lectures/02_pytorch_resource_accounting/lecture_02_note.pdf Graphic fi
le (type pdf)
<use ../lectures/02_pytorch_resource_accounting/lecture_02_note.pdf, page 10>
File: ../lectures/02_pytorch_resource_accounting/lecture_02_note.pdf Graphic fi
le (type pdf)
<use ../lectures/02_pytorch_resource_accounting/lecture_02_note.pdf, page 10>


File: ../lectures/02_pytorch_resource_accounting/lecture_02_note.pdf Graphic fi
le (type pdf)
<use ../lectures/02_pytorch_resource_accounting/lecture_02_note.pdf, page 10>
[33

]
File: ../lectures/02_pytorch_resource_accounting/lecture_02_note.pdf Graphic fi
le (type pdf)
<use ../lectures/02_pytorch_resource_accounting/lecture_02_note.pdf, page 11>
File: ../lectures/02_pytorch_resource_accounting/lecture_02_note.pdf Graphic fi
le (type pdf)
<use ../lectures/02_pytorch_resource_accounting/lecture_02_note.pdf, page 11>


File: ../lectures/02_pytorch_resource_accounting/lecture_02_note.pdf Graphic fi
le (type pdf)
<use ../lectures/02_pytorch_resource_accounting/lecture_02_note.pdf, page 11>
[34

]
File: ../lectures/02_pytorch_resource_accounting/lecture_02_note.pdf Graphic fi
le (type pdf)
<use ../lectures/02_pytorch_resource_accounting/lecture_02_note.pdf, page 12>
File: ../lectures/02_pytorch_resource_accounting/lecture_02_note.pdf Graphic fi
le (type pdf)
<use ../lectures/02_pytorch_resource_accounting/lecture_02_note.pdf, page 12>


File: ../lectures/02_pytorch_resource_accounting/lecture_02_note.pdf Graphic fi
le (type pdf)
<use ../lectures/02_pytorch_resource_accounting/lecture_02_note.pdf, page 12>
[35

]
File: ../lectures/02_pytorch_resource_accounting/lecture_02_note.pdf Graphic fi
le (type pdf)
<use ../lectures/02_pytorch_resource_accounting/lecture_02_note.pdf, page 13>
File: ../lectures/02_pytorch_resource_accounting/lecture_02_note.pdf Graphic fi
le (type pdf)
<use ../lectures/02_pytorch_resource_accounting/lecture_02_note.pdf, page 13>


File: ../lectures/02_pytorch_resource_accounting/lecture_02_note.pdf Graphic fi
le (type pdf)
<use ../lectures/02_pytorch_resource_accounting/lecture_02_note.pdf, page 13>
[36

]
File: ../lectures/02_pytorch_resource_accounting/lecture_02_note.pdf Graphic fi
le (type pdf)
<use ../lectures/02_pytorch_resource_accounting/lecture_02_note.pdf, page 14>
File: ../lectures/02_pytorch_resource_accounting/lecture_02_note.pdf Graphic fi
le (type pdf)
<use ../lectures/02_pytorch_resource_accounting/lecture_02_note.pdf, page 14>


File: ../lectures/02_pytorch_resource_accounting/lecture_02_note.pdf Graphic fi
le (type pdf)
<use ../lectures/02_pytorch_resource_accounting/lecture_02_note.pdf, page 14>
[37

]
File: ../lectures/02_pytorch_resource_accounting/lecture_02_note.pdf Graphic fi
le (type pdf)
<use ../lectures/02_pytorch_resource_accounting/lecture_02_note.pdf, page 15>
File: ../lectures/02_pytorch_resource_accounting/lecture_02_note.pdf Graphic fi
le (type pdf)
<use ../lectures/02_pytorch_resource_accounting/lecture_02_note.pdf, page 15>


File: ../lectures/02_pytorch_resource_accounting/lecture_02_note.pdf Graphic fi
le (type pdf)
<use ../lectures/02_pytorch_resource_accounting/lecture_02_note.pdf, page 15>
[38

]
File: ../lectures/02_pytorch_resource_accounting/lecture_02_note.pdf Graphic fi
le (type pdf)
<use ../lectures/02_pytorch_resource_accounting/lecture_02_note.pdf, page 16>
File: ../lectures/02_pytorch_resource_accounting/lecture_02_note.pdf Graphic fi
le (type pdf)
<use ../lectures/02_pytorch_resource_accounting/lecture_02_note.pdf, page 16>


File: ../lectures/02_pytorch_resource_accounting/lecture_02_note.pdf Graphic fi
le (type pdf)
<use ../lectures/02_pytorch_resource_accounting/lecture_02_note.pdf, page 16>
[39

]
File: ../lectures/02_pytorch_resource_accounting/lecture_02_note.pdf Graphic fi
le (type pdf)
<use ../lectures/02_pytorch_resource_accounting/lecture_02_note.pdf, page 17>
File: ../lectures/02_pytorch_resource_accounting/lecture_02_note.pdf Graphic fi
le (type pdf)
<use ../lectures/02_pytorch_resource_accounting/lecture_02_note.pdf, page 17>


File: ../lectures/02_pytorch_resource_accounting/lecture_02_note.pdf Graphic fi
le (type pdf)
<use ../lectures/02_pytorch_resource_accounting/lecture_02_note.pdf, page 17>
[40

]
File: ../lectures/02_pytorch_resource_accounting/lecture_02_note.pdf Graphic fi
le (type pdf)
<use ../lectures/02_pytorch_resource_accounting/lecture_02_note.pdf, page 18>
File: ../lectures/02_pytorch_resource_accounting/lecture_02_note.pdf Graphic fi
le (type pdf)
<use ../lectures/02_pytorch_resource_accounting/lecture_02_note.pdf, page 18>


File: ../lectures/02_pytorch_resource_accounting/lecture_02_note.pdf Graphic fi
le (type pdf)
<use ../lectures/02_pytorch_resource_accounting/lecture_02_note.pdf, page 18>
[41

]
File: ../lectures/03_architectures_hyperparameters/lecture_03_note.pdf Graphic 
file (type pdf)
<use ../lectures/03_architectures_hyperparameters/lecture_03_note.pdf>
File: ../lectures/03_architectures_hyperparameters/lecture_03_note.pdf Graphic 
file (type pdf)
<use ../lectures/03_architectures_hyperparameters/lecture_03_note.pdf, page 1>
File: ../lectures/03_architectures_hyperparameters/lecture_03_note.pdf Graphic 
file (type pdf)
<use ../lectures/03_architectures_hyperparameters/lecture_03_note.pdf, page 1>


[42]
File: ../lectures/03_architectures_hyperparameters/lecture_03_note.pdf Graphic 
file (type pdf)
<use ../lectures/03_architectures_hyperparameters/lecture_03_note.pdf, page 1>
File: ../lectures/03_architectures_hyperparameters/lecture_03_note.pdf Graphic 
file (type pdf)
<use ../lectures/03_architectures_hyperparameters/lecture_03_note.pdf, page 1>


File: ../lectures/03_architectures_hyperparameters/lecture_03_note.pdf Graphic 
file (type pdf)
<use ../lectures/03_architectures_hyperparameters/lecture_03_note.pdf, page 1>
[43

]
File: ../lectures/03_architectures_hyperparameters/lecture_03_note.pdf Graphic 
file (type pdf)
<use ../lectures/03_architectures_hyperparameters/lecture_03_note.pdf, page 2>
File: ../lectures/03_architectures_hyperparameters/lecture_03_note.pdf Graphic 
file (type pdf)
<use ../lectures/03_architectures_hyperparameters/lecture_03_note.pdf, page 2>


File: ../lectures/03_architectures_hyperparameters/lecture_03_note.pdf Graphic 
file (type pdf)
<use ../lectures/03_architectures_hyperparameters/lecture_03_note.pdf, page 2>
[44

]
File: ../lectures/03_architectures_hyperparameters/lecture_03_note.pdf Graphic 
file (type pdf)
<use ../lectures/03_architectures_hyperparameters/lecture_03_note.pdf, page 3>
File: ../lectures/03_architectures_hyperparameters/lecture_03_note.pdf Graphic 
file (type pdf)
<use ../lectures/03_architectures_hyperparameters/lecture_03_note.pdf, page 3>


File: ../lectures/03_architectures_hyperparameters/lecture_03_note.pdf Graphic 
file (type pdf)
<use ../lectures/03_architectures_hyperparameters/lecture_03_note.pdf, page 3>
[45

]
File: ../lectures/03_architectures_hyperparameters/lecture_03_note.pdf Graphic 
file (type pdf)
<use ../lectures/03_architectures_hyperparameters/lecture_03_note.pdf, page 4>
File: ../lectures/03_architectures_hyperparameters/lecture_03_note.pdf Graphic 
file (type pdf)
<use ../lectures/03_architectures_hyperparameters/lecture_03_note.pdf, page 4>


File: ../lectures/03_architectures_hyperparameters/lecture_03_note.pdf Graphic 
file (type pdf)
<use ../lectures/03_architectures_hyperparameters/lecture_03_note.pdf, page 4>
[46

]
File: ../lectures/03_architectures_hyperparameters/lecture_03_note.pdf Graphic 
file (type pdf)
<use ../lectures/03_architectures_hyperparameters/lecture_03_note.pdf, page 5>
File: ../lectures/03_architectures_hyperparameters/lecture_03_note.pdf Graphic 
file (type pdf)
<use ../lectures/03_architectures_hyperparameters/lecture_03_note.pdf, page 5>


File: ../lectures/03_architectures_hyperparameters/lecture_03_note.pdf Graphic 
file (type pdf)
<use ../lectures/03_architectures_hyperparameters/lecture_03_note.pdf, page 5>
[47

]
File: ../lectures/03_architectures_hyperparameters/lecture_03_note.pdf Graphic 
file (type pdf)
<use ../lectures/03_architectures_hyperparameters/lecture_03_note.pdf, page 6>
File: ../lectures/03_architectures_hyperparameters/lecture_03_note.pdf Graphic 
file (type pdf)
<use ../lectures/03_architectures_hyperparameters/lecture_03_note.pdf, page 6>


File: ../lectures/03_architectures_hyperparameters/lecture_03_note.pdf Graphic 
file (type pdf)
<use ../lectures/03_architectures_hyperparameters/lecture_03_note.pdf, page 6>
[48

]
File: ../lectures/03_architectures_hyperparameters/lecture_03_note.pdf Graphic 
file (type pdf)
<use ../lectures/03_architectures_hyperparameters/lecture_03_note.pdf, page 7>
File: ../lectures/03_architectures_hyperparameters/lecture_03_note.pdf Graphic 
file (type pdf)
<use ../lectures/03_architectures_hyperparameters/lecture_03_note.pdf, page 7>


File: ../lectures/03_architectures_hyperparameters/lecture_03_note.pdf Graphic 
file (type pdf)
<use ../lectures/03_architectures_hyperparameters/lecture_03_note.pdf, page 7>
[49

]
File: ../lectures/03_architectures_hyperparameters/lecture_03_note.pdf Graphic 
file (type pdf)
<use ../lectures/03_architectures_hyperparameters/lecture_03_note.pdf, page 8>
File: ../lectures/03_architectures_hyperparameters/lecture_03_note.pdf Graphic 
file (type pdf)
<use ../lectures/03_architectures_hyperparameters/lecture_03_note.pdf, page 8>


File: ../lectures/03_architectures_hyperparameters/lecture_03_note.pdf Graphic 
file (type pdf)
<use ../lectures/03_architectures_hyperparameters/lecture_03_note.pdf, page 8>
[50

]
File: ../lectures/03_architectures_hyperparameters/lecture_03_note.pdf Graphic 
file (type pdf)
<use ../lectures/03_architectures_hyperparameters/lecture_03_note.pdf, page 9>
File: ../lectures/03_architectures_hyperparameters/lecture_03_note.pdf Graphic 
file (type pdf)
<use ../lectures/03_architectures_hyperparameters/lecture_03_note.pdf, page 9>


File: ../lectures/03_architectures_hyperparameters/lecture_03_note.pdf Graphic 
file (type pdf)
<use ../lectures/03_architectures_hyperparameters/lecture_03_note.pdf, page 9>
[51

]
File: ../lectures/03_architectures_hyperparameters/lecture_03_note.pdf Graphic 
file (type pdf)
<use ../lectures/03_architectures_hyperparameters/lecture_03_note.pdf, page 10>

File: ../lectures/03_architectures_hyperparameters/lecture_03_note.pdf Graphic 
file (type pdf)
<use ../lectures/03_architectures_hyperparameters/lecture_03_note.pdf, page 10>



File: ../lectures/03_architectures_hyperparameters/lecture_03_note.pdf Graphic 
file (type pdf)
<use ../lectures/03_architectures_hyperparameters/lecture_03_note.pdf, page 10>

[52

]
File: ../lectures/03_architectures_hyperparameters/lecture_03_note.pdf Graphic 
file (type pdf)
<use ../lectures/03_architectures_hyperparameters/lecture_03_note.pdf, page 11>

File: ../lectures/03_architectures_hyperparameters/lecture_03_note.pdf Graphic 
file (type pdf)
<use ../lectures/03_architectures_hyperparameters/lecture_03_note.pdf, page 11>



File: ../lectures/03_architectures_hyperparameters/lecture_03_note.pdf Graphic 
file (type pdf)
<use ../lectures/03_architectures_hyperparameters/lecture_03_note.pdf, page 11>

[53

]
File: ../lectures/03_architectures_hyperparameters/lecture_03_note.pdf Graphic 
file (type pdf)
<use ../lectures/03_architectures_hyperparameters/lecture_03_note.pdf, page 12>

File: ../lectures/03_architectures_hyperparameters/lecture_03_note.pdf Graphic 
file (type pdf)
<use ../lectures/03_architectures_hyperparameters/lecture_03_note.pdf, page 12>



File: ../lectures/03_architectures_hyperparameters/lecture_03_note.pdf Graphic 
file (type pdf)
<use ../lectures/03_architectures_hyperparameters/lecture_03_note.pdf, page 12>

[54

]
File: ../lectures/03_architectures_hyperparameters/lecture_03_note.pdf Graphic 
file (type pdf)
<use ../lectures/03_architectures_hyperparameters/lecture_03_note.pdf, page 13>

File: ../lectures/03_architectures_hyperparameters/lecture_03_note.pdf Graphic 
file (type pdf)
<use ../lectures/03_architectures_hyperparameters/lecture_03_note.pdf, page 13>



File: ../lectures/03_architectures_hyperparameters/lecture_03_note.pdf Graphic 
file (type pdf)
<use ../lectures/03_architectures_hyperparameters/lecture_03_note.pdf, page 13>

[55

]
File: ../lectures/03_architectures_hyperparameters/lecture_03_note.pdf Graphic 
file (type pdf)
<use ../lectures/03_architectures_hyperparameters/lecture_03_note.pdf, page 14>

File: ../lectures/03_architectures_hyperparameters/lecture_03_note.pdf Graphic 
file (type pdf)
<use ../lectures/03_architectures_hyperparameters/lecture_03_note.pdf, page 14>



File: ../lectures/03_architectures_hyperparameters/lecture_03_note.pdf Graphic 
file (type pdf)
<use ../lectures/03_architectures_hyperparameters/lecture_03_note.pdf, page 14>

[56

]
File: ../lectures/03_architectures_hyperparameters/lecture_03_note.pdf Graphic 
file (type pdf)
<use ../lectures/03_architectures_hyperparameters/lecture_03_note.pdf, page 15>

File: ../lectures/03_architectures_hyperparameters/lecture_03_note.pdf Graphic 
file (type pdf)
<use ../lectures/03_architectures_hyperparameters/lecture_03_note.pdf, page 15>



File: ../lectures/03_architectures_hyperparameters/lecture_03_note.pdf Graphic 
file (type pdf)
<use ../lectures/03_architectures_hyperparameters/lecture_03_note.pdf, page 15>

[57

]
File: ../lectures/03_architectures_hyperparameters/lecture_03_note.pdf Graphic 
file (type pdf)
<use ../lectures/03_architectures_hyperparameters/lecture_03_note.pdf, page 16>

File: ../lectures/03_architectures_hyperparameters/lecture_03_note.pdf Graphic 
file (type pdf)
<use ../lectures/03_architectures_hyperparameters/lecture_03_note.pdf, page 16>



File: ../lectures/03_architectures_hyperparameters/lecture_03_note.pdf Graphic 
file (type pdf)
<use ../lectures/03_architectures_hyperparameters/lecture_03_note.pdf, page 16>

[58

]
File: ../lectures/03_architectures_hyperparameters/lecture_03_note.pdf Graphic 
file (type pdf)
<use ../lectures/03_architectures_hyperparameters/lecture_03_note.pdf, page 17>

File: ../lectures/03_architectures_hyperparameters/lecture_03_note.pdf Graphic 
file (type pdf)
<use ../lectures/03_architectures_hyperparameters/lecture_03_note.pdf, page 17>



File: ../lectures/03_architectures_hyperparameters/lecture_03_note.pdf Graphic 
file (type pdf)
<use ../lectures/03_architectures_hyperparameters/lecture_03_note.pdf, page 17>

[59

]
File: ../lectures/03_architectures_hyperparameters/lecture_03_note.pdf Graphic 
file (type pdf)
<use ../lectures/03_architectures_hyperparameters/lecture_03_note.pdf, page 18>

File: ../lectures/03_architectures_hyperparameters/lecture_03_note.pdf Graphic 
file (type pdf)
<use ../lectures/03_architectures_hyperparameters/lecture_03_note.pdf, page 18>



File: ../lectures/03_architectures_hyperparameters/lecture_03_note.pdf Graphic 
file (type pdf)
<use ../lectures/03_architectures_hyperparameters/lecture_03_note.pdf, page 18>

[60

]
File: ../lectures/03_architectures_hyperparameters/lecture_03_note.pdf Graphic 
file (type pdf)
<use ../lectures/03_architectures_hyperparameters/lecture_03_note.pdf, page 19>

File: ../lectures/03_architectures_hyperparameters/lecture_03_note.pdf Graphic 
file (type pdf)
<use ../lectures/03_architectures_hyperparameters/lecture_03_note.pdf, page 19>



File: ../lectures/03_architectures_hyperparameters/lecture_03_note.pdf Graphic 
file (type pdf)
<use ../lectures/03_architectures_hyperparameters/lecture_03_note.pdf, page 19>

[61

]
File: ../lectures/04_mixture_of_experts/lecture_04_note.pdf Graphic file (type 
pdf)
<use ../lectures/04_mixture_of_experts/lecture_04_note.pdf>
File: ../lectures/04_mixture_of_experts/lecture_04_note.pdf Graphic file (type 
pdf)
<use ../lectures/04_mixture_of_experts/lecture_04_note.pdf, page 1>
File: ../lectures/04_mixture_of_experts/lecture_04_note.pdf Graphic file (type 
pdf)
<use ../lectures/04_mixture_of_experts/lecture_04_note.pdf, page 1>


[62]
File: ../lectures/04_mixture_of_experts/lecture_04_note.pdf Graphic file (type 
pdf)
<use ../lectures/04_mixture_of_experts/lecture_04_note.pdf, page 1>
File: ../lectures/04_mixture_of_experts/lecture_04_note.pdf Graphic file (type 
pdf)
<use ../lectures/04_mixture_of_experts/lecture_04_note.pdf, page 1>


File: ../lectures/04_mixture_of_experts/lecture_04_note.pdf Graphic file (type 
pdf)
<use ../lectures/04_mixture_of_experts/lecture_04_note.pdf, page 1>
[63

]
File: ../lectures/04_mixture_of_experts/lecture_04_note.pdf Graphic file (type 
pdf)
<use ../lectures/04_mixture_of_experts/lecture_04_note.pdf, page 2>
File: ../lectures/04_mixture_of_experts/lecture_04_note.pdf Graphic file (type 
pdf)
<use ../lectures/04_mixture_of_experts/lecture_04_note.pdf, page 2>


File: ../lectures/04_mixture_of_experts/lecture_04_note.pdf Graphic file (type 
pdf)
<use ../lectures/04_mixture_of_experts/lecture_04_note.pdf, page 2>
[64

]
File: ../lectures/04_mixture_of_experts/lecture_04_note.pdf Graphic file (type 
pdf)
<use ../lectures/04_mixture_of_experts/lecture_04_note.pdf, page 3>
File: ../lectures/04_mixture_of_experts/lecture_04_note.pdf Graphic file (type 
pdf)
<use ../lectures/04_mixture_of_experts/lecture_04_note.pdf, page 3>


File: ../lectures/04_mixture_of_experts/lecture_04_note.pdf Graphic file (type 
pdf)
<use ../lectures/04_mixture_of_experts/lecture_04_note.pdf, page 3>
[65

]
File: ../lectures/04_mixture_of_experts/lecture_04_note.pdf Graphic file (type 
pdf)
<use ../lectures/04_mixture_of_experts/lecture_04_note.pdf, page 4>
File: ../lectures/04_mixture_of_experts/lecture_04_note.pdf Graphic file (type 
pdf)
<use ../lectures/04_mixture_of_experts/lecture_04_note.pdf, page 4>


File: ../lectures/04_mixture_of_experts/lecture_04_note.pdf Graphic file (type 
pdf)
<use ../lectures/04_mixture_of_experts/lecture_04_note.pdf, page 4>
[66

]
File: ../lectures/04_mixture_of_experts/lecture_04_note.pdf Graphic file (type 
pdf)
<use ../lectures/04_mixture_of_experts/lecture_04_note.pdf, page 5>
File: ../lectures/04_mixture_of_experts/lecture_04_note.pdf Graphic file (type 
pdf)
<use ../lectures/04_mixture_of_experts/lecture_04_note.pdf, page 5>


File: ../lectures/04_mixture_of_experts/lecture_04_note.pdf Graphic file (type 
pdf)
<use ../lectures/04_mixture_of_experts/lecture_04_note.pdf, page 5>
[67

]
File: ../lectures/04_mixture_of_experts/lecture_04_note.pdf Graphic file (type 
pdf)
<use ../lectures/04_mixture_of_experts/lecture_04_note.pdf, page 6>
File: ../lectures/04_mixture_of_experts/lecture_04_note.pdf Graphic file (type 
pdf)
<use ../lectures/04_mixture_of_experts/lecture_04_note.pdf, page 6>


File: ../lectures/04_mixture_of_experts/lecture_04_note.pdf Graphic file (type 
pdf)
<use ../lectures/04_mixture_of_experts/lecture_04_note.pdf, page 6>
[68

]
File: ../lectures/04_mixture_of_experts/lecture_04_note.pdf Graphic file (type 
pdf)
<use ../lectures/04_mixture_of_experts/lecture_04_note.pdf, page 7>
File: ../lectures/04_mixture_of_experts/lecture_04_note.pdf Graphic file (type 
pdf)
<use ../lectures/04_mixture_of_experts/lecture_04_note.pdf, page 7>


File: ../lectures/04_mixture_of_experts/lecture_04_note.pdf Graphic file (type 
pdf)
<use ../lectures/04_mixture_of_experts/lecture_04_note.pdf, page 7>
[69

]
File: ../lectures/04_mixture_of_experts/lecture_04_note.pdf Graphic file (type 
pdf)
<use ../lectures/04_mixture_of_experts/lecture_04_note.pdf, page 8>
File: ../lectures/04_mixture_of_experts/lecture_04_note.pdf Graphic file (type 
pdf)
<use ../lectures/04_mixture_of_experts/lecture_04_note.pdf, page 8>


File: ../lectures/04_mixture_of_experts/lecture_04_note.pdf Graphic file (type 
pdf)
<use ../lectures/04_mixture_of_experts/lecture_04_note.pdf, page 8>
[70

]
File: ../lectures/04_mixture_of_experts/lecture_04_note.pdf Graphic file (type 
pdf)
<use ../lectures/04_mixture_of_experts/lecture_04_note.pdf, page 9>
File: ../lectures/04_mixture_of_experts/lecture_04_note.pdf Graphic file (type 
pdf)
<use ../lectures/04_mixture_of_experts/lecture_04_note.pdf, page 9>


File: ../lectures/04_mixture_of_experts/lecture_04_note.pdf Graphic file (type 
pdf)
<use ../lectures/04_mixture_of_experts/lecture_04_note.pdf, page 9>
[71

]
File: ../lectures/04_mixture_of_experts/lecture_04_note.pdf Graphic file (type 
pdf)
<use ../lectures/04_mixture_of_experts/lecture_04_note.pdf, page 10>
File: ../lectures/04_mixture_of_experts/lecture_04_note.pdf Graphic file (type 
pdf)
<use ../lectures/04_mixture_of_experts/lecture_04_note.pdf, page 10>


File: ../lectures/04_mixture_of_experts/lecture_04_note.pdf Graphic file (type 
pdf)
<use ../lectures/04_mixture_of_experts/lecture_04_note.pdf, page 10>
[72

]
File: ../lectures/04_mixture_of_experts/lecture_04_note.pdf Graphic file (type 
pdf)
<use ../lectures/04_mixture_of_experts/lecture_04_note.pdf, page 11>
File: ../lectures/04_mixture_of_experts/lecture_04_note.pdf Graphic file (type 
pdf)
<use ../lectures/04_mixture_of_experts/lecture_04_note.pdf, page 11>


File: ../lectures/04_mixture_of_experts/lecture_04_note.pdf Graphic file (type 
pdf)
<use ../lectures/04_mixture_of_experts/lecture_04_note.pdf, page 11>
[73

]
File: ../lectures/04_mixture_of_experts/lecture_04_note.pdf Graphic file (type 
pdf)
<use ../lectures/04_mixture_of_experts/lecture_04_note.pdf, page 12>
File: ../lectures/04_mixture_of_experts/lecture_04_note.pdf Graphic file (type 
pdf)
<use ../lectures/04_mixture_of_experts/lecture_04_note.pdf, page 12>


File: ../lectures/04_mixture_of_experts/lecture_04_note.pdf Graphic file (type 
pdf)
<use ../lectures/04_mixture_of_experts/lecture_04_note.pdf, page 12>
[74

]
File: ../lectures/04_mixture_of_experts/lecture_04_note.pdf Graphic file (type 
pdf)
<use ../lectures/04_mixture_of_experts/lecture_04_note.pdf, page 13>
File: ../lectures/04_mixture_of_experts/lecture_04_note.pdf Graphic file (type 
pdf)
<use ../lectures/04_mixture_of_experts/lecture_04_note.pdf, page 13>


File: ../lectures/04_mixture_of_experts/lecture_04_note.pdf Graphic file (type 
pdf)
<use ../lectures/04_mixture_of_experts/lecture_04_note.pdf, page 13>
[75

]
File: ../lectures/04_mixture_of_experts/lecture_04_note.pdf Graphic file (type 
pdf)
<use ../lectures/04_mixture_of_experts/lecture_04_note.pdf, page 14>
File: ../lectures/04_mixture_of_experts/lecture_04_note.pdf Graphic file (type 
pdf)
<use ../lectures/04_mixture_of_experts/lecture_04_note.pdf, page 14>


File: ../lectures/04_mixture_of_experts/lecture_04_note.pdf Graphic file (type 
pdf)
<use ../lectures/04_mixture_of_experts/lecture_04_note.pdf, page 14>
[76

]
File: ../lectures/04_mixture_of_experts/lecture_04_note.pdf Graphic file (type 
pdf)
<use ../lectures/04_mixture_of_experts/lecture_04_note.pdf, page 15>
File: ../lectures/04_mixture_of_experts/lecture_04_note.pdf Graphic file (type 
pdf)
<use ../lectures/04_mixture_of_experts/lecture_04_note.pdf, page 15>


File: ../lectures/04_mixture_of_experts/lecture_04_note.pdf Graphic file (type 
pdf)
<use ../lectures/04_mixture_of_experts/lecture_04_note.pdf, page 15>
[77

]
File: ../lectures/04_mixture_of_experts/lecture_04_note.pdf Graphic file (type 
pdf)
<use ../lectures/04_mixture_of_experts/lecture_04_note.pdf, page 16>
File: ../lectures/04_mixture_of_experts/lecture_04_note.pdf Graphic file (type 
pdf)
<use ../lectures/04_mixture_of_experts/lecture_04_note.pdf, page 16>


File: ../lectures/04_mixture_of_experts/lecture_04_note.pdf Graphic file (type 
pdf)
<use ../lectures/04_mixture_of_experts/lecture_04_note.pdf, page 16>
[78

]
File: ../lectures/04_mixture_of_experts/lecture_04_note.pdf Graphic file (type 
pdf)
<use ../lectures/04_mixture_of_experts/lecture_04_note.pdf, page 17>
File: ../lectures/04_mixture_of_experts/lecture_04_note.pdf Graphic file (type 
pdf)
<use ../lectures/04_mixture_of_experts/lecture_04_note.pdf, page 17>


File: ../lectures/04_mixture_of_experts/lecture_04_note.pdf Graphic file (type 
pdf)
<use ../lectures/04_mixture_of_experts/lecture_04_note.pdf, page 17>
[79

]
File: ../lectures/04_mixture_of_experts/lecture_04_note.pdf Graphic file (type 
pdf)
<use ../lectures/04_mixture_of_experts/lecture_04_note.pdf, page 18>
File: ../lectures/04_mixture_of_experts/lecture_04_note.pdf Graphic file (type 
pdf)
<use ../lectures/04_mixture_of_experts/lecture_04_note.pdf, page 18>


File: ../lectures/04_mixture_of_experts/lecture_04_note.pdf Graphic file (type 
pdf)
<use ../lectures/04_mixture_of_experts/lecture_04_note.pdf, page 18>
[80

]
File: ../lectures/05_gpus/lecture_05_note.pdf Graphic file (type pdf)
<use ../lectures/05_gpus/lecture_05_note.pdf>
File: ../lectures/05_gpus/lecture_05_note.pdf Graphic file (type pdf)
<use ../lectures/05_gpus/lecture_05_note.pdf, page 1>
File: ../lectures/05_gpus/lecture_05_note.pdf Graphic file (type pdf)
<use ../lectures/05_gpus/lecture_05_note.pdf, page 1>


[81]
File: ../lectures/05_gpus/lecture_05_note.pdf Graphic file (type pdf)
<use ../lectures/05_gpus/lecture_05_note.pdf, page 1>
File: ../lectures/05_gpus/lecture_05_note.pdf Graphic file (type pdf)
<use ../lectures/05_gpus/lecture_05_note.pdf, page 1>


File: ../lectures/05_gpus/lecture_05_note.pdf Graphic file (type pdf)
<use ../lectures/05_gpus/lecture_05_note.pdf, page 1>
[82

]
File: ../lectures/05_gpus/lecture_05_note.pdf Graphic file (type pdf)
<use ../lectures/05_gpus/lecture_05_note.pdf, page 2>
File: ../lectures/05_gpus/lecture_05_note.pdf Graphic file (type pdf)
<use ../lectures/05_gpus/lecture_05_note.pdf, page 2>


File: ../lectures/05_gpus/lecture_05_note.pdf Graphic file (type pdf)
<use ../lectures/05_gpus/lecture_05_note.pdf, page 2>
[83

]
File: ../lectures/05_gpus/lecture_05_note.pdf Graphic file (type pdf)
<use ../lectures/05_gpus/lecture_05_note.pdf, page 3>
File: ../lectures/05_gpus/lecture_05_note.pdf Graphic file (type pdf)
<use ../lectures/05_gpus/lecture_05_note.pdf, page 3>


File: ../lectures/05_gpus/lecture_05_note.pdf Graphic file (type pdf)
<use ../lectures/05_gpus/lecture_05_note.pdf, page 3>
[84

]
File: ../lectures/05_gpus/lecture_05_note.pdf Graphic file (type pdf)
<use ../lectures/05_gpus/lecture_05_note.pdf, page 4>
File: ../lectures/05_gpus/lecture_05_note.pdf Graphic file (type pdf)
<use ../lectures/05_gpus/lecture_05_note.pdf, page 4>


File: ../lectures/05_gpus/lecture_05_note.pdf Graphic file (type pdf)
<use ../lectures/05_gpus/lecture_05_note.pdf, page 4>
[85

]
File: ../lectures/05_gpus/lecture_05_note.pdf Graphic file (type pdf)
<use ../lectures/05_gpus/lecture_05_note.pdf, page 5>
File: ../lectures/05_gpus/lecture_05_note.pdf Graphic file (type pdf)
<use ../lectures/05_gpus/lecture_05_note.pdf, page 5>


File: ../lectures/05_gpus/lecture_05_note.pdf Graphic file (type pdf)
<use ../lectures/05_gpus/lecture_05_note.pdf, page 5>
[86

]
File: ../lectures/05_gpus/lecture_05_note.pdf Graphic file (type pdf)
<use ../lectures/05_gpus/lecture_05_note.pdf, page 6>
File: ../lectures/05_gpus/lecture_05_note.pdf Graphic file (type pdf)
<use ../lectures/05_gpus/lecture_05_note.pdf, page 6>


File: ../lectures/05_gpus/lecture_05_note.pdf Graphic file (type pdf)
<use ../lectures/05_gpus/lecture_05_note.pdf, page 6>
[87

]
File: ../lectures/05_gpus/lecture_05_note.pdf Graphic file (type pdf)
<use ../lectures/05_gpus/lecture_05_note.pdf, page 7>
File: ../lectures/05_gpus/lecture_05_note.pdf Graphic file (type pdf)
<use ../lectures/05_gpus/lecture_05_note.pdf, page 7>


File: ../lectures/05_gpus/lecture_05_note.pdf Graphic file (type pdf)
<use ../lectures/05_gpus/lecture_05_note.pdf, page 7>
[88

]
File: ../lectures/05_gpus/lecture_05_note.pdf Graphic file (type pdf)
<use ../lectures/05_gpus/lecture_05_note.pdf, page 8>
File: ../lectures/05_gpus/lecture_05_note.pdf Graphic file (type pdf)
<use ../lectures/05_gpus/lecture_05_note.pdf, page 8>


File: ../lectures/05_gpus/lecture_05_note.pdf Graphic file (type pdf)
<use ../lectures/05_gpus/lecture_05_note.pdf, page 8>
[89

]
File: ../lectures/05_gpus/lecture_05_note.pdf Graphic file (type pdf)
<use ../lectures/05_gpus/lecture_05_note.pdf, page 9>
File: ../lectures/05_gpus/lecture_05_note.pdf Graphic file (type pdf)
<use ../lectures/05_gpus/lecture_05_note.pdf, page 9>


File: ../lectures/05_gpus/lecture_05_note.pdf Graphic file (type pdf)
<use ../lectures/05_gpus/lecture_05_note.pdf, page 9>
[90

]
File: ../lectures/05_gpus/lecture_05_note.pdf Graphic file (type pdf)
<use ../lectures/05_gpus/lecture_05_note.pdf, page 10>
File: ../lectures/05_gpus/lecture_05_note.pdf Graphic file (type pdf)
<use ../lectures/05_gpus/lecture_05_note.pdf, page 10>


File: ../lectures/05_gpus/lecture_05_note.pdf Graphic file (type pdf)
<use ../lectures/05_gpus/lecture_05_note.pdf, page 10>
[91

]
File: ../lectures/05_gpus/lecture_05_note.pdf Graphic file (type pdf)
<use ../lectures/05_gpus/lecture_05_note.pdf, page 11>
File: ../lectures/05_gpus/lecture_05_note.pdf Graphic file (type pdf)
<use ../lectures/05_gpus/lecture_05_note.pdf, page 11>


File: ../lectures/05_gpus/lecture_05_note.pdf Graphic file (type pdf)
<use ../lectures/05_gpus/lecture_05_note.pdf, page 11>
[92

]
File: ../lectures/05_gpus/lecture_05_note.pdf Graphic file (type pdf)
<use ../lectures/05_gpus/lecture_05_note.pdf, page 12>
File: ../lectures/05_gpus/lecture_05_note.pdf Graphic file (type pdf)
<use ../lectures/05_gpus/lecture_05_note.pdf, page 12>


File: ../lectures/05_gpus/lecture_05_note.pdf Graphic file (type pdf)
<use ../lectures/05_gpus/lecture_05_note.pdf, page 12>
[93

]
File: ../lectures/05_gpus/lecture_05_note.pdf Graphic file (type pdf)
<use ../lectures/05_gpus/lecture_05_note.pdf, page 13>
File: ../lectures/05_gpus/lecture_05_note.pdf Graphic file (type pdf)
<use ../lectures/05_gpus/lecture_05_note.pdf, page 13>


File: ../lectures/05_gpus/lecture_05_note.pdf Graphic file (type pdf)
<use ../lectures/05_gpus/lecture_05_note.pdf, page 13>
[94

]
File: ../lectures/05_gpus/lecture_05_note.pdf Graphic file (type pdf)
<use ../lectures/05_gpus/lecture_05_note.pdf, page 14>
File: ../lectures/05_gpus/lecture_05_note.pdf Graphic file (type pdf)
<use ../lectures/05_gpus/lecture_05_note.pdf, page 14>


File: ../lectures/05_gpus/lecture_05_note.pdf Graphic file (type pdf)
<use ../lectures/05_gpus/lecture_05_note.pdf, page 14>
[95

]
File: ../lectures/05_gpus/lecture_05_note.pdf Graphic file (type pdf)
<use ../lectures/05_gpus/lecture_05_note.pdf, page 15>
File: ../lectures/05_gpus/lecture_05_note.pdf Graphic file (type pdf)
<use ../lectures/05_gpus/lecture_05_note.pdf, page 15>


File: ../lectures/05_gpus/lecture_05_note.pdf Graphic file (type pdf)
<use ../lectures/05_gpus/lecture_05_note.pdf, page 15>
[96

]
File: ../lectures/05_gpus/lecture_05_note.pdf Graphic file (type pdf)
<use ../lectures/05_gpus/lecture_05_note.pdf, page 16>
File: ../lectures/05_gpus/lecture_05_note.pdf Graphic file (type pdf)
<use ../lectures/05_gpus/lecture_05_note.pdf, page 16>


File: ../lectures/05_gpus/lecture_05_note.pdf Graphic file (type pdf)
<use ../lectures/05_gpus/lecture_05_note.pdf, page 16>
[97

]
File: ../lectures/05_gpus/lecture_05_note.pdf Graphic file (type pdf)
<use ../lectures/05_gpus/lecture_05_note.pdf, page 17>
File: ../lectures/05_gpus/lecture_05_note.pdf Graphic file (type pdf)
<use ../lectures/05_gpus/lecture_05_note.pdf, page 17>


File: ../lectures/05_gpus/lecture_05_note.pdf Graphic file (type pdf)
<use ../lectures/05_gpus/lecture_05_note.pdf, page 17>
[98

]
File: ../lectures/05_gpus/lecture_05_note.pdf Graphic file (type pdf)
<use ../lectures/05_gpus/lecture_05_note.pdf, page 18>
File: ../lectures/05_gpus/lecture_05_note.pdf Graphic file (type pdf)
<use ../lectures/05_gpus/lecture_05_note.pdf, page 18>


File: ../lectures/05_gpus/lecture_05_note.pdf Graphic file (type pdf)
<use ../lectures/05_gpus/lecture_05_note.pdf, page 18>
[99

]
File: ../lectures/06_kernels_triton/lecture_06_note.pdf Graphic file (type pdf)

<use ../lectures/06_kernels_triton/lecture_06_note.pdf>
File: ../lectures/06_kernels_triton/lecture_06_note.pdf Graphic file (type pdf)

<use ../lectures/06_kernels_triton/lecture_06_note.pdf, page 1>
File: ../lectures/06_kernels_triton/lecture_06_note.pdf Graphic file (type pdf)

<use ../lectures/06_kernels_triton/lecture_06_note.pdf, page 1>


[100]
File: ../lectures/06_kernels_triton/lecture_06_note.pdf Graphic file (type pdf)

<use ../lectures/06_kernels_triton/lecture_06_note.pdf, page 1>
File: ../lectures/06_kernels_triton/lecture_06_note.pdf Graphic file (type pdf)

<use ../lectures/06_kernels_triton/lecture_06_note.pdf, page 1>


File: ../lectures/06_kernels_triton/lecture_06_note.pdf Graphic file (type pdf)

<use ../lectures/06_kernels_triton/lecture_06_note.pdf, page 1>
[101

]
File: ../lectures/06_kernels_triton/lecture_06_note.pdf Graphic file (type pdf)

<use ../lectures/06_kernels_triton/lecture_06_note.pdf, page 2>
File: ../lectures/06_kernels_triton/lecture_06_note.pdf Graphic file (type pdf)

<use ../lectures/06_kernels_triton/lecture_06_note.pdf, page 2>


File: ../lectures/06_kernels_triton/lecture_06_note.pdf Graphic file (type pdf)

<use ../lectures/06_kernels_triton/lecture_06_note.pdf, page 2>
[102

]
File: ../lectures/06_kernels_triton/lecture_06_note.pdf Graphic file (type pdf)

<use ../lectures/06_kernels_triton/lecture_06_note.pdf, page 3>
File: ../lectures/06_kernels_triton/lecture_06_note.pdf Graphic file (type pdf)

<use ../lectures/06_kernels_triton/lecture_06_note.pdf, page 3>


File: ../lectures/06_kernels_triton/lecture_06_note.pdf Graphic file (type pdf)

<use ../lectures/06_kernels_triton/lecture_06_note.pdf, page 3>
[103

]
File: ../lectures/06_kernels_triton/lecture_06_note.pdf Graphic file (type pdf)

<use ../lectures/06_kernels_triton/lecture_06_note.pdf, page 4>
File: ../lectures/06_kernels_triton/lecture_06_note.pdf Graphic file (type pdf)

<use ../lectures/06_kernels_triton/lecture_06_note.pdf, page 4>


File: ../lectures/06_kernels_triton/lecture_06_note.pdf Graphic file (type pdf)

<use ../lectures/06_kernels_triton/lecture_06_note.pdf, page 4>
[104

]
File: ../lectures/06_kernels_triton/lecture_06_note.pdf Graphic file (type pdf)

<use ../lectures/06_kernels_triton/lecture_06_note.pdf, page 5>
File: ../lectures/06_kernels_triton/lecture_06_note.pdf Graphic file (type pdf)

<use ../lectures/06_kernels_triton/lecture_06_note.pdf, page 5>


File: ../lectures/06_kernels_triton/lecture_06_note.pdf Graphic file (type pdf)

<use ../lectures/06_kernels_triton/lecture_06_note.pdf, page 5>
[105

]
File: ../lectures/06_kernels_triton/lecture_06_note.pdf Graphic file (type pdf)

<use ../lectures/06_kernels_triton/lecture_06_note.pdf, page 6>
File: ../lectures/06_kernels_triton/lecture_06_note.pdf Graphic file (type pdf)

<use ../lectures/06_kernels_triton/lecture_06_note.pdf, page 6>


File: ../lectures/06_kernels_triton/lecture_06_note.pdf Graphic file (type pdf)

<use ../lectures/06_kernels_triton/lecture_06_note.pdf, page 6>
[106

]
File: ../lectures/06_kernels_triton/lecture_06_note.pdf Graphic file (type pdf)

<use ../lectures/06_kernels_triton/lecture_06_note.pdf, page 7>
File: ../lectures/06_kernels_triton/lecture_06_note.pdf Graphic file (type pdf)

<use ../lectures/06_kernels_triton/lecture_06_note.pdf, page 7>


File: ../lectures/06_kernels_triton/lecture_06_note.pdf Graphic file (type pdf)

<use ../lectures/06_kernels_triton/lecture_06_note.pdf, page 7>
[107

]
File: ../lectures/06_kernels_triton/lecture_06_note.pdf Graphic file (type pdf)

<use ../lectures/06_kernels_triton/lecture_06_note.pdf, page 8>
File: ../lectures/06_kernels_triton/lecture_06_note.pdf Graphic file (type pdf)

<use ../lectures/06_kernels_triton/lecture_06_note.pdf, page 8>


File: ../lectures/06_kernels_triton/lecture_06_note.pdf Graphic file (type pdf)

<use ../lectures/06_kernels_triton/lecture_06_note.pdf, page 8>
[108

]
File: ../lectures/06_kernels_triton/lecture_06_note.pdf Graphic file (type pdf)

<use ../lectures/06_kernels_triton/lecture_06_note.pdf, page 9>
File: ../lectures/06_kernels_triton/lecture_06_note.pdf Graphic file (type pdf)

<use ../lectures/06_kernels_triton/lecture_06_note.pdf, page 9>


File: ../lectures/06_kernels_triton/lecture_06_note.pdf Graphic file (type pdf)

<use ../lectures/06_kernels_triton/lecture_06_note.pdf, page 9>
[109

]
File: ../lectures/06_kernels_triton/lecture_06_note.pdf Graphic file (type pdf)

<use ../lectures/06_kernels_triton/lecture_06_note.pdf, page 10>
File: ../lectures/06_kernels_triton/lecture_06_note.pdf Graphic file (type pdf)

<use ../lectures/06_kernels_triton/lecture_06_note.pdf, page 10>


File: ../lectures/06_kernels_triton/lecture_06_note.pdf Graphic file (type pdf)

<use ../lectures/06_kernels_triton/lecture_06_note.pdf, page 10>
[110

]
File: ../lectures/06_kernels_triton/lecture_06_note.pdf Graphic file (type pdf)

<use ../lectures/06_kernels_triton/lecture_06_note.pdf, page 11>
File: ../lectures/06_kernels_triton/lecture_06_note.pdf Graphic file (type pdf)

<use ../lectures/06_kernels_triton/lecture_06_note.pdf, page 11>


File: ../lectures/06_kernels_triton/lecture_06_note.pdf Graphic file (type pdf)

<use ../lectures/06_kernels_triton/lecture_06_note.pdf, page 11>
[111

]
File: ../lectures/06_kernels_triton/lecture_06_note.pdf Graphic file (type pdf)

<use ../lectures/06_kernels_triton/lecture_06_note.pdf, page 12>
File: ../lectures/06_kernels_triton/lecture_06_note.pdf Graphic file (type pdf)

<use ../lectures/06_kernels_triton/lecture_06_note.pdf, page 12>


File: ../lectures/06_kernels_triton/lecture_06_note.pdf Graphic file (type pdf)

<use ../lectures/06_kernels_triton/lecture_06_note.pdf, page 12>
[112

]
File: ../lectures/06_kernels_triton/lecture_06_note.pdf Graphic file (type pdf)

<use ../lectures/06_kernels_triton/lecture_06_note.pdf, page 13>
File: ../lectures/06_kernels_triton/lecture_06_note.pdf Graphic file (type pdf)

<use ../lectures/06_kernels_triton/lecture_06_note.pdf, page 13>


File: ../lectures/06_kernels_triton/lecture_06_note.pdf Graphic file (type pdf)

<use ../lectures/06_kernels_triton/lecture_06_note.pdf, page 13>
[113

]
File: ../lectures/06_kernels_triton/lecture_06_note.pdf Graphic file (type pdf)

<use ../lectures/06_kernels_triton/lecture_06_note.pdf, page 14>
File: ../lectures/06_kernels_triton/lecture_06_note.pdf Graphic file (type pdf)

<use ../lectures/06_kernels_triton/lecture_06_note.pdf, page 14>


File: ../lectures/06_kernels_triton/lecture_06_note.pdf Graphic file (type pdf)

<use ../lectures/06_kernels_triton/lecture_06_note.pdf, page 14>
[114

]
File: ../lectures/06_kernels_triton/lecture_06_note.pdf Graphic file (type pdf)

<use ../lectures/06_kernels_triton/lecture_06_note.pdf, page 15>
File: ../lectures/06_kernels_triton/lecture_06_note.pdf Graphic file (type pdf)

<use ../lectures/06_kernels_triton/lecture_06_note.pdf, page 15>


File: ../lectures/06_kernels_triton/lecture_06_note.pdf Graphic file (type pdf)

<use ../lectures/06_kernels_triton/lecture_06_note.pdf, page 15>
[115

]
File: ../lectures/06_kernels_triton/lecture_06_note.pdf Graphic file (type pdf)

<use ../lectures/06_kernels_triton/lecture_06_note.pdf, page 16>
File: ../lectures/06_kernels_triton/lecture_06_note.pdf Graphic file (type pdf)

<use ../lectures/06_kernels_triton/lecture_06_note.pdf, page 16>


File: ../lectures/06_kernels_triton/lecture_06_note.pdf Graphic file (type pdf)

<use ../lectures/06_kernels_triton/lecture_06_note.pdf, page 16>
[116

]
File: ../lectures/06_kernels_triton/lecture_06_note.pdf Graphic file (type pdf)

<use ../lectures/06_kernels_triton/lecture_06_note.pdf, page 17>
File: ../lectures/06_kernels_triton/lecture_06_note.pdf Graphic file (type pdf)

<use ../lectures/06_kernels_triton/lecture_06_note.pdf, page 17>


File: ../lectures/06_kernels_triton/lecture_06_note.pdf Graphic file (type pdf)

<use ../lectures/06_kernels_triton/lecture_06_note.pdf, page 17>
[117

]
File: ../lectures/06_kernels_triton/lecture_06_note.pdf Graphic file (type pdf)

<use ../lectures/06_kernels_triton/lecture_06_note.pdf, page 18>
File: ../lectures/06_kernels_triton/lecture_06_note.pdf Graphic file (type pdf)

<use ../lectures/06_kernels_triton/lecture_06_note.pdf, page 18>


File: ../lectures/06_kernels_triton/lecture_06_note.pdf Graphic file (type pdf)

<use ../lectures/06_kernels_triton/lecture_06_note.pdf, page 18>
[118

]
File: ../lectures/07_parallelism_1/lecture_07_note.pdf Graphic file (type pdf)
<use ../lectures/07_parallelism_1/lecture_07_note.pdf>
File: ../lectures/07_parallelism_1/lecture_07_note.pdf Graphic file (type pdf)
<use ../lectures/07_parallelism_1/lecture_07_note.pdf, page 1>
File: ../lectures/07_parallelism_1/lecture_07_note.pdf Graphic file (type pdf)
<use ../lectures/07_parallelism_1/lecture_07_note.pdf, page 1>


[119]
File: ../lectures/07_parallelism_1/lecture_07_note.pdf Graphic file (type pdf)
<use ../lectures/07_parallelism_1/lecture_07_note.pdf, page 1>
File: ../lectures/07_parallelism_1/lecture_07_note.pdf Graphic file (type pdf)
<use ../lectures/07_parallelism_1/lecture_07_note.pdf, page 1>


File: ../lectures/07_parallelism_1/lecture_07_note.pdf Graphic file (type pdf)
<use ../lectures/07_parallelism_1/lecture_07_note.pdf, page 1>
[120

]
File: ../lectures/07_parallelism_1/lecture_07_note.pdf Graphic file (type pdf)
<use ../lectures/07_parallelism_1/lecture_07_note.pdf, page 2>
File: ../lectures/07_parallelism_1/lecture_07_note.pdf Graphic file (type pdf)
<use ../lectures/07_parallelism_1/lecture_07_note.pdf, page 2>


File: ../lectures/07_parallelism_1/lecture_07_note.pdf Graphic file (type pdf)
<use ../lectures/07_parallelism_1/lecture_07_note.pdf, page 2>
[121

]
File: ../lectures/07_parallelism_1/lecture_07_note.pdf Graphic file (type pdf)
<use ../lectures/07_parallelism_1/lecture_07_note.pdf, page 3>
File: ../lectures/07_parallelism_1/lecture_07_note.pdf Graphic file (type pdf)
<use ../lectures/07_parallelism_1/lecture_07_note.pdf, page 3>


File: ../lectures/07_parallelism_1/lecture_07_note.pdf Graphic file (type pdf)
<use ../lectures/07_parallelism_1/lecture_07_note.pdf, page 3>
[122

]
File: ../lectures/07_parallelism_1/lecture_07_note.pdf Graphic file (type pdf)
<use ../lectures/07_parallelism_1/lecture_07_note.pdf, page 4>
File: ../lectures/07_parallelism_1/lecture_07_note.pdf Graphic file (type pdf)
<use ../lectures/07_parallelism_1/lecture_07_note.pdf, page 4>


File: ../lectures/07_parallelism_1/lecture_07_note.pdf Graphic file (type pdf)
<use ../lectures/07_parallelism_1/lecture_07_note.pdf, page 4>
[123

]
File: ../lectures/07_parallelism_1/lecture_07_note.pdf Graphic file (type pdf)
<use ../lectures/07_parallelism_1/lecture_07_note.pdf, page 5>
File: ../lectures/07_parallelism_1/lecture_07_note.pdf Graphic file (type pdf)
<use ../lectures/07_parallelism_1/lecture_07_note.pdf, page 5>


File: ../lectures/07_parallelism_1/lecture_07_note.pdf Graphic file (type pdf)
<use ../lectures/07_parallelism_1/lecture_07_note.pdf, page 5>
[124

]
File: ../lectures/07_parallelism_1/lecture_07_note.pdf Graphic file (type pdf)
<use ../lectures/07_parallelism_1/lecture_07_note.pdf, page 6>
File: ../lectures/07_parallelism_1/lecture_07_note.pdf Graphic file (type pdf)
<use ../lectures/07_parallelism_1/lecture_07_note.pdf, page 6>


File: ../lectures/07_parallelism_1/lecture_07_note.pdf Graphic file (type pdf)
<use ../lectures/07_parallelism_1/lecture_07_note.pdf, page 6>
[125

]
File: ../lectures/07_parallelism_1/lecture_07_note.pdf Graphic file (type pdf)
<use ../lectures/07_parallelism_1/lecture_07_note.pdf, page 7>
File: ../lectures/07_parallelism_1/lecture_07_note.pdf Graphic file (type pdf)
<use ../lectures/07_parallelism_1/lecture_07_note.pdf, page 7>


File: ../lectures/07_parallelism_1/lecture_07_note.pdf Graphic file (type pdf)
<use ../lectures/07_parallelism_1/lecture_07_note.pdf, page 7>
[126

]
File: ../lectures/07_parallelism_1/lecture_07_note.pdf Graphic file (type pdf)
<use ../lectures/07_parallelism_1/lecture_07_note.pdf, page 8>
File: ../lectures/07_parallelism_1/lecture_07_note.pdf Graphic file (type pdf)
<use ../lectures/07_parallelism_1/lecture_07_note.pdf, page 8>


File: ../lectures/07_parallelism_1/lecture_07_note.pdf Graphic file (type pdf)
<use ../lectures/07_parallelism_1/lecture_07_note.pdf, page 8>
[127

]
File: ../lectures/07_parallelism_1/lecture_07_note.pdf Graphic file (type pdf)
<use ../lectures/07_parallelism_1/lecture_07_note.pdf, page 9>
File: ../lectures/07_parallelism_1/lecture_07_note.pdf Graphic file (type pdf)
<use ../lectures/07_parallelism_1/lecture_07_note.pdf, page 9>


File: ../lectures/07_parallelism_1/lecture_07_note.pdf Graphic file (type pdf)
<use ../lectures/07_parallelism_1/lecture_07_note.pdf, page 9>
[128

]
File: ../lectures/07_parallelism_1/lecture_07_note.pdf Graphic file (type pdf)
<use ../lectures/07_parallelism_1/lecture_07_note.pdf, page 10>
File: ../lectures/07_parallelism_1/lecture_07_note.pdf Graphic file (type pdf)
<use ../lectures/07_parallelism_1/lecture_07_note.pdf, page 10>


File: ../lectures/07_parallelism_1/lecture_07_note.pdf Graphic file (type pdf)
<use ../lectures/07_parallelism_1/lecture_07_note.pdf, page 10>
[129

]
File: ../lectures/07_parallelism_1/lecture_07_note.pdf Graphic file (type pdf)
<use ../lectures/07_parallelism_1/lecture_07_note.pdf, page 11>
File: ../lectures/07_parallelism_1/lecture_07_note.pdf Graphic file (type pdf)
<use ../lectures/07_parallelism_1/lecture_07_note.pdf, page 11>


File: ../lectures/07_parallelism_1/lecture_07_note.pdf Graphic file (type pdf)
<use ../lectures/07_parallelism_1/lecture_07_note.pdf, page 11>
[130

]
File: ../lectures/07_parallelism_1/lecture_07_note.pdf Graphic file (type pdf)
<use ../lectures/07_parallelism_1/lecture_07_note.pdf, page 12>
File: ../lectures/07_parallelism_1/lecture_07_note.pdf Graphic file (type pdf)
<use ../lectures/07_parallelism_1/lecture_07_note.pdf, page 12>


File: ../lectures/07_parallelism_1/lecture_07_note.pdf Graphic file (type pdf)
<use ../lectures/07_parallelism_1/lecture_07_note.pdf, page 12>
[131

]
File: ../lectures/07_parallelism_1/lecture_07_note.pdf Graphic file (type pdf)
<use ../lectures/07_parallelism_1/lecture_07_note.pdf, page 13>
File: ../lectures/07_parallelism_1/lecture_07_note.pdf Graphic file (type pdf)
<use ../lectures/07_parallelism_1/lecture_07_note.pdf, page 13>


File: ../lectures/07_parallelism_1/lecture_07_note.pdf Graphic file (type pdf)
<use ../lectures/07_parallelism_1/lecture_07_note.pdf, page 13>
[132

]
File: ../lectures/07_parallelism_1/lecture_07_note.pdf Graphic file (type pdf)
<use ../lectures/07_parallelism_1/lecture_07_note.pdf, page 14>
File: ../lectures/07_parallelism_1/lecture_07_note.pdf Graphic file (type pdf)
<use ../lectures/07_parallelism_1/lecture_07_note.pdf, page 14>


File: ../lectures/07_parallelism_1/lecture_07_note.pdf Graphic file (type pdf)
<use ../lectures/07_parallelism_1/lecture_07_note.pdf, page 14>
[133

]
File: ../lectures/07_parallelism_1/lecture_07_note.pdf Graphic file (type pdf)
<use ../lectures/07_parallelism_1/lecture_07_note.pdf, page 15>
File: ../lectures/07_parallelism_1/lecture_07_note.pdf Graphic file (type pdf)
<use ../lectures/07_parallelism_1/lecture_07_note.pdf, page 15>


File: ../lectures/07_parallelism_1/lecture_07_note.pdf Graphic file (type pdf)
<use ../lectures/07_parallelism_1/lecture_07_note.pdf, page 15>
[134

]
File: ../lectures/07_parallelism_1/lecture_07_note.pdf Graphic file (type pdf)
<use ../lectures/07_parallelism_1/lecture_07_note.pdf, page 16>
File: ../lectures/07_parallelism_1/lecture_07_note.pdf Graphic file (type pdf)
<use ../lectures/07_parallelism_1/lecture_07_note.pdf, page 16>


File: ../lectures/07_parallelism_1/lecture_07_note.pdf Graphic file (type pdf)
<use ../lectures/07_parallelism_1/lecture_07_note.pdf, page 16>
[135

]
File: ../lectures/07_parallelism_1/lecture_07_note.pdf Graphic file (type pdf)
<use ../lectures/07_parallelism_1/lecture_07_note.pdf, page 17>
File: ../lectures/07_parallelism_1/lecture_07_note.pdf Graphic file (type pdf)
<use ../lectures/07_parallelism_1/lecture_07_note.pdf, page 17>


File: ../lectures/07_parallelism_1/lecture_07_note.pdf Graphic file (type pdf)
<use ../lectures/07_parallelism_1/lecture_07_note.pdf, page 17>
[136

]
File: ../lectures/07_parallelism_1/lecture_07_note.pdf Graphic file (type pdf)
<use ../lectures/07_parallelism_1/lecture_07_note.pdf, page 18>
File: ../lectures/07_parallelism_1/lecture_07_note.pdf Graphic file (type pdf)
<use ../lectures/07_parallelism_1/lecture_07_note.pdf, page 18>


File: ../lectures/07_parallelism_1/lecture_07_note.pdf Graphic file (type pdf)
<use ../lectures/07_parallelism_1/lecture_07_note.pdf, page 18>
[137

]
File: ../lectures/08_parallelism_2/lecture_08_note.pdf Graphic file (type pdf)
<use ../lectures/08_parallelism_2/lecture_08_note.pdf>
File: ../lectures/08_parallelism_2/lecture_08_note.pdf Graphic file (type pdf)
<use ../lectures/08_parallelism_2/lecture_08_note.pdf, page 1>
File: ../lectures/08_parallelism_2/lecture_08_note.pdf Graphic file (type pdf)
<use ../lectures/08_parallelism_2/lecture_08_note.pdf, page 1>


[138]
File: ../lectures/08_parallelism_2/lecture_08_note.pdf Graphic file (type pdf)
<use ../lectures/08_parallelism_2/lecture_08_note.pdf, page 1>
File: ../lectures/08_parallelism_2/lecture_08_note.pdf Graphic file (type pdf)
<use ../lectures/08_parallelism_2/lecture_08_note.pdf, page 1>


File: ../lectures/08_parallelism_2/lecture_08_note.pdf Graphic file (type pdf)
<use ../lectures/08_parallelism_2/lecture_08_note.pdf, page 1>
[139

]
File: ../lectures/08_parallelism_2/lecture_08_note.pdf Graphic file (type pdf)
<use ../lectures/08_parallelism_2/lecture_08_note.pdf, page 2>
File: ../lectures/08_parallelism_2/lecture_08_note.pdf Graphic file (type pdf)
<use ../lectures/08_parallelism_2/lecture_08_note.pdf, page 2>


File: ../lectures/08_parallelism_2/lecture_08_note.pdf Graphic file (type pdf)
<use ../lectures/08_parallelism_2/lecture_08_note.pdf, page 2>
[140

]
File: ../lectures/08_parallelism_2/lecture_08_note.pdf Graphic file (type pdf)
<use ../lectures/08_parallelism_2/lecture_08_note.pdf, page 3>
File: ../lectures/08_parallelism_2/lecture_08_note.pdf Graphic file (type pdf)
<use ../lectures/08_parallelism_2/lecture_08_note.pdf, page 3>


File: ../lectures/08_parallelism_2/lecture_08_note.pdf Graphic file (type pdf)
<use ../lectures/08_parallelism_2/lecture_08_note.pdf, page 3>
[141

]
File: ../lectures/08_parallelism_2/lecture_08_note.pdf Graphic file (type pdf)
<use ../lectures/08_parallelism_2/lecture_08_note.pdf, page 4>
File: ../lectures/08_parallelism_2/lecture_08_note.pdf Graphic file (type pdf)
<use ../lectures/08_parallelism_2/lecture_08_note.pdf, page 4>


File: ../lectures/08_parallelism_2/lecture_08_note.pdf Graphic file (type pdf)
<use ../lectures/08_parallelism_2/lecture_08_note.pdf, page 4>
[142

]
File: ../lectures/08_parallelism_2/lecture_08_note.pdf Graphic file (type pdf)
<use ../lectures/08_parallelism_2/lecture_08_note.pdf, page 5>
File: ../lectures/08_parallelism_2/lecture_08_note.pdf Graphic file (type pdf)
<use ../lectures/08_parallelism_2/lecture_08_note.pdf, page 5>


File: ../lectures/08_parallelism_2/lecture_08_note.pdf Graphic file (type pdf)
<use ../lectures/08_parallelism_2/lecture_08_note.pdf, page 5>
[143

]
File: ../lectures/08_parallelism_2/lecture_08_note.pdf Graphic file (type pdf)
<use ../lectures/08_parallelism_2/lecture_08_note.pdf, page 6>
File: ../lectures/08_parallelism_2/lecture_08_note.pdf Graphic file (type pdf)
<use ../lectures/08_parallelism_2/lecture_08_note.pdf, page 6>


File: ../lectures/08_parallelism_2/lecture_08_note.pdf Graphic file (type pdf)
<use ../lectures/08_parallelism_2/lecture_08_note.pdf, page 6>
[144

]
File: ../lectures/08_parallelism_2/lecture_08_note.pdf Graphic file (type pdf)
<use ../lectures/08_parallelism_2/lecture_08_note.pdf, page 7>
File: ../lectures/08_parallelism_2/lecture_08_note.pdf Graphic file (type pdf)
<use ../lectures/08_parallelism_2/lecture_08_note.pdf, page 7>


File: ../lectures/08_parallelism_2/lecture_08_note.pdf Graphic file (type pdf)
<use ../lectures/08_parallelism_2/lecture_08_note.pdf, page 7>
[145

]
File: ../lectures/08_parallelism_2/lecture_08_note.pdf Graphic file (type pdf)
<use ../lectures/08_parallelism_2/lecture_08_note.pdf, page 8>
File: ../lectures/08_parallelism_2/lecture_08_note.pdf Graphic file (type pdf)
<use ../lectures/08_parallelism_2/lecture_08_note.pdf, page 8>


File: ../lectures/08_parallelism_2/lecture_08_note.pdf Graphic file (type pdf)
<use ../lectures/08_parallelism_2/lecture_08_note.pdf, page 8>
[146

]
File: ../lectures/08_parallelism_2/lecture_08_note.pdf Graphic file (type pdf)
<use ../lectures/08_parallelism_2/lecture_08_note.pdf, page 9>
File: ../lectures/08_parallelism_2/lecture_08_note.pdf Graphic file (type pdf)
<use ../lectures/08_parallelism_2/lecture_08_note.pdf, page 9>


File: ../lectures/08_parallelism_2/lecture_08_note.pdf Graphic file (type pdf)
<use ../lectures/08_parallelism_2/lecture_08_note.pdf, page 9>
[147

]
File: ../lectures/08_parallelism_2/lecture_08_note.pdf Graphic file (type pdf)
<use ../lectures/08_parallelism_2/lecture_08_note.pdf, page 10>
File: ../lectures/08_parallelism_2/lecture_08_note.pdf Graphic file (type pdf)
<use ../lectures/08_parallelism_2/lecture_08_note.pdf, page 10>


File: ../lectures/08_parallelism_2/lecture_08_note.pdf Graphic file (type pdf)
<use ../lectures/08_parallelism_2/lecture_08_note.pdf, page 10>
[148

]
File: ../lectures/08_parallelism_2/lecture_08_note.pdf Graphic file (type pdf)
<use ../lectures/08_parallelism_2/lecture_08_note.pdf, page 11>
File: ../lectures/08_parallelism_2/lecture_08_note.pdf Graphic file (type pdf)
<use ../lectures/08_parallelism_2/lecture_08_note.pdf, page 11>


File: ../lectures/08_parallelism_2/lecture_08_note.pdf Graphic file (type pdf)
<use ../lectures/08_parallelism_2/lecture_08_note.pdf, page 11>
[149

]
File: ../lectures/08_parallelism_2/lecture_08_note.pdf Graphic file (type pdf)
<use ../lectures/08_parallelism_2/lecture_08_note.pdf, page 12>
File: ../lectures/08_parallelism_2/lecture_08_note.pdf Graphic file (type pdf)
<use ../lectures/08_parallelism_2/lecture_08_note.pdf, page 12>


File: ../lectures/08_parallelism_2/lecture_08_note.pdf Graphic file (type pdf)
<use ../lectures/08_parallelism_2/lecture_08_note.pdf, page 12>
[150

]
File: ../lectures/08_parallelism_2/lecture_08_note.pdf Graphic file (type pdf)
<use ../lectures/08_parallelism_2/lecture_08_note.pdf, page 13>
File: ../lectures/08_parallelism_2/lecture_08_note.pdf Graphic file (type pdf)
<use ../lectures/08_parallelism_2/lecture_08_note.pdf, page 13>


File: ../lectures/08_parallelism_2/lecture_08_note.pdf Graphic file (type pdf)
<use ../lectures/08_parallelism_2/lecture_08_note.pdf, page 13>
[151

]
File: ../lectures/08_parallelism_2/lecture_08_note.pdf Graphic file (type pdf)
<use ../lectures/08_parallelism_2/lecture_08_note.pdf, page 14>
File: ../lectures/08_parallelism_2/lecture_08_note.pdf Graphic file (type pdf)
<use ../lectures/08_parallelism_2/lecture_08_note.pdf, page 14>


File: ../lectures/08_parallelism_2/lecture_08_note.pdf Graphic file (type pdf)
<use ../lectures/08_parallelism_2/lecture_08_note.pdf, page 14>
[152

]
File: ../lectures/08_parallelism_2/lecture_08_note.pdf Graphic file (type pdf)
<use ../lectures/08_parallelism_2/lecture_08_note.pdf, page 15>
File: ../lectures/08_parallelism_2/lecture_08_note.pdf Graphic file (type pdf)
<use ../lectures/08_parallelism_2/lecture_08_note.pdf, page 15>


File: ../lectures/08_parallelism_2/lecture_08_note.pdf Graphic file (type pdf)
<use ../lectures/08_parallelism_2/lecture_08_note.pdf, page 15>
[153

]
File: ../lectures/08_parallelism_2/lecture_08_note.pdf Graphic file (type pdf)
<use ../lectures/08_parallelism_2/lecture_08_note.pdf, page 16>
File: ../lectures/08_parallelism_2/lecture_08_note.pdf Graphic file (type pdf)
<use ../lectures/08_parallelism_2/lecture_08_note.pdf, page 16>


File: ../lectures/08_parallelism_2/lecture_08_note.pdf Graphic file (type pdf)
<use ../lectures/08_parallelism_2/lecture_08_note.pdf, page 16>
[154

]
File: ../lectures/08_parallelism_2/lecture_08_note.pdf Graphic file (type pdf)
<use ../lectures/08_parallelism_2/lecture_08_note.pdf, page 17>
File: ../lectures/08_parallelism_2/lecture_08_note.pdf Graphic file (type pdf)
<use ../lectures/08_parallelism_2/lecture_08_note.pdf, page 17>


File: ../lectures/08_parallelism_2/lecture_08_note.pdf Graphic file (type pdf)
<use ../lectures/08_parallelism_2/lecture_08_note.pdf, page 17>
[155

]
File: ../lectures/08_parallelism_2/lecture_08_note.pdf Graphic file (type pdf)
<use ../lectures/08_parallelism_2/lecture_08_note.pdf, page 18>
File: ../lectures/08_parallelism_2/lecture_08_note.pdf Graphic file (type pdf)
<use ../lectures/08_parallelism_2/lecture_08_note.pdf, page 18>


File: ../lectures/08_parallelism_2/lecture_08_note.pdf Graphic file (type pdf)
<use ../lectures/08_parallelism_2/lecture_08_note.pdf, page 18>
[156

]
File: ../lectures/09_scaling_laws_1/lecture_09_note.pdf Graphic file (type pdf)

<use ../lectures/09_scaling_laws_1/lecture_09_note.pdf>
File: ../lectures/09_scaling_laws_1/lecture_09_note.pdf Graphic file (type pdf)

<use ../lectures/09_scaling_laws_1/lecture_09_note.pdf, page 1>
File: ../lectures/09_scaling_laws_1/lecture_09_note.pdf Graphic file (type pdf)

<use ../lectures/09_scaling_laws_1/lecture_09_note.pdf, page 1>


[157]
File: ../lectures/09_scaling_laws_1/lecture_09_note.pdf Graphic file (type pdf)

<use ../lectures/09_scaling_laws_1/lecture_09_note.pdf, page 1>
File: ../lectures/09_scaling_laws_1/lecture_09_note.pdf Graphic file (type pdf)

<use ../lectures/09_scaling_laws_1/lecture_09_note.pdf, page 1>


File: ../lectures/09_scaling_laws_1/lecture_09_note.pdf Graphic file (type pdf)

<use ../lectures/09_scaling_laws_1/lecture_09_note.pdf, page 1>
[158

]
File: ../lectures/09_scaling_laws_1/lecture_09_note.pdf Graphic file (type pdf)

<use ../lectures/09_scaling_laws_1/lecture_09_note.pdf, page 2>
File: ../lectures/09_scaling_laws_1/lecture_09_note.pdf Graphic file (type pdf)

<use ../lectures/09_scaling_laws_1/lecture_09_note.pdf, page 2>


File: ../lectures/09_scaling_laws_1/lecture_09_note.pdf Graphic file (type pdf)

<use ../lectures/09_scaling_laws_1/lecture_09_note.pdf, page 2>
[159

]
File: ../lectures/09_scaling_laws_1/lecture_09_note.pdf Graphic file (type pdf)

<use ../lectures/09_scaling_laws_1/lecture_09_note.pdf, page 3>
File: ../lectures/09_scaling_laws_1/lecture_09_note.pdf Graphic file (type pdf)

<use ../lectures/09_scaling_laws_1/lecture_09_note.pdf, page 3>


File: ../lectures/09_scaling_laws_1/lecture_09_note.pdf Graphic file (type pdf)

<use ../lectures/09_scaling_laws_1/lecture_09_note.pdf, page 3>
[160

]
File: ../lectures/09_scaling_laws_1/lecture_09_note.pdf Graphic file (type pdf)

<use ../lectures/09_scaling_laws_1/lecture_09_note.pdf, page 4>
File: ../lectures/09_scaling_laws_1/lecture_09_note.pdf Graphic file (type pdf)

<use ../lectures/09_scaling_laws_1/lecture_09_note.pdf, page 4>


File: ../lectures/09_scaling_laws_1/lecture_09_note.pdf Graphic file (type pdf)

<use ../lectures/09_scaling_laws_1/lecture_09_note.pdf, page 4>
[161

]
File: ../lectures/09_scaling_laws_1/lecture_09_note.pdf Graphic file (type pdf)

<use ../lectures/09_scaling_laws_1/lecture_09_note.pdf, page 5>
File: ../lectures/09_scaling_laws_1/lecture_09_note.pdf Graphic file (type pdf)

<use ../lectures/09_scaling_laws_1/lecture_09_note.pdf, page 5>


File: ../lectures/09_scaling_laws_1/lecture_09_note.pdf Graphic file (type pdf)

<use ../lectures/09_scaling_laws_1/lecture_09_note.pdf, page 5>
[162

]
File: ../lectures/09_scaling_laws_1/lecture_09_note.pdf Graphic file (type pdf)

<use ../lectures/09_scaling_laws_1/lecture_09_note.pdf, page 6>
File: ../lectures/09_scaling_laws_1/lecture_09_note.pdf Graphic file (type pdf)

<use ../lectures/09_scaling_laws_1/lecture_09_note.pdf, page 6>


File: ../lectures/09_scaling_laws_1/lecture_09_note.pdf Graphic file (type pdf)

<use ../lectures/09_scaling_laws_1/lecture_09_note.pdf, page 6>
[163

]
File: ../lectures/09_scaling_laws_1/lecture_09_note.pdf Graphic file (type pdf)

<use ../lectures/09_scaling_laws_1/lecture_09_note.pdf, page 7>
File: ../lectures/09_scaling_laws_1/lecture_09_note.pdf Graphic file (type pdf)

<use ../lectures/09_scaling_laws_1/lecture_09_note.pdf, page 7>


File: ../lectures/09_scaling_laws_1/lecture_09_note.pdf Graphic file (type pdf)

<use ../lectures/09_scaling_laws_1/lecture_09_note.pdf, page 7>
[164

]
File: ../lectures/09_scaling_laws_1/lecture_09_note.pdf Graphic file (type pdf)

<use ../lectures/09_scaling_laws_1/lecture_09_note.pdf, page 8>
File: ../lectures/09_scaling_laws_1/lecture_09_note.pdf Graphic file (type pdf)

<use ../lectures/09_scaling_laws_1/lecture_09_note.pdf, page 8>


File: ../lectures/09_scaling_laws_1/lecture_09_note.pdf Graphic file (type pdf)

<use ../lectures/09_scaling_laws_1/lecture_09_note.pdf, page 8>
[165

]
File: ../lectures/09_scaling_laws_1/lecture_09_note.pdf Graphic file (type pdf)

<use ../lectures/09_scaling_laws_1/lecture_09_note.pdf, page 9>
File: ../lectures/09_scaling_laws_1/lecture_09_note.pdf Graphic file (type pdf)

<use ../lectures/09_scaling_laws_1/lecture_09_note.pdf, page 9>


File: ../lectures/09_scaling_laws_1/lecture_09_note.pdf Graphic file (type pdf)

<use ../lectures/09_scaling_laws_1/lecture_09_note.pdf, page 9>
[166

]
File: ../lectures/09_scaling_laws_1/lecture_09_note.pdf Graphic file (type pdf)

<use ../lectures/09_scaling_laws_1/lecture_09_note.pdf, page 10>
File: ../lectures/09_scaling_laws_1/lecture_09_note.pdf Graphic file (type pdf)

<use ../lectures/09_scaling_laws_1/lecture_09_note.pdf, page 10>


File: ../lectures/09_scaling_laws_1/lecture_09_note.pdf Graphic file (type pdf)

<use ../lectures/09_scaling_laws_1/lecture_09_note.pdf, page 10>
[167

]
File: ../lectures/09_scaling_laws_1/lecture_09_note.pdf Graphic file (type pdf)

<use ../lectures/09_scaling_laws_1/lecture_09_note.pdf, page 11>
File: ../lectures/09_scaling_laws_1/lecture_09_note.pdf Graphic file (type pdf)

<use ../lectures/09_scaling_laws_1/lecture_09_note.pdf, page 11>


File: ../lectures/09_scaling_laws_1/lecture_09_note.pdf Graphic file (type pdf)

<use ../lectures/09_scaling_laws_1/lecture_09_note.pdf, page 11>
[168

]
File: ../lectures/09_scaling_laws_1/lecture_09_note.pdf Graphic file (type pdf)

<use ../lectures/09_scaling_laws_1/lecture_09_note.pdf, page 12>
File: ../lectures/09_scaling_laws_1/lecture_09_note.pdf Graphic file (type pdf)

<use ../lectures/09_scaling_laws_1/lecture_09_note.pdf, page 12>


File: ../lectures/09_scaling_laws_1/lecture_09_note.pdf Graphic file (type pdf)

<use ../lectures/09_scaling_laws_1/lecture_09_note.pdf, page 12>
[169

]
File: ../lectures/09_scaling_laws_1/lecture_09_note.pdf Graphic file (type pdf)

<use ../lectures/09_scaling_laws_1/lecture_09_note.pdf, page 13>
File: ../lectures/09_scaling_laws_1/lecture_09_note.pdf Graphic file (type pdf)

<use ../lectures/09_scaling_laws_1/lecture_09_note.pdf, page 13>


File: ../lectures/09_scaling_laws_1/lecture_09_note.pdf Graphic file (type pdf)

<use ../lectures/09_scaling_laws_1/lecture_09_note.pdf, page 13>
[170

]
File: ../lectures/09_scaling_laws_1/lecture_09_note.pdf Graphic file (type pdf)

<use ../lectures/09_scaling_laws_1/lecture_09_note.pdf, page 14>
File: ../lectures/09_scaling_laws_1/lecture_09_note.pdf Graphic file (type pdf)

<use ../lectures/09_scaling_laws_1/lecture_09_note.pdf, page 14>


File: ../lectures/09_scaling_laws_1/lecture_09_note.pdf Graphic file (type pdf)

<use ../lectures/09_scaling_laws_1/lecture_09_note.pdf, page 14>
[171

]
File: ../lectures/09_scaling_laws_1/lecture_09_note.pdf Graphic file (type pdf)

<use ../lectures/09_scaling_laws_1/lecture_09_note.pdf, page 15>
File: ../lectures/09_scaling_laws_1/lecture_09_note.pdf Graphic file (type pdf)

<use ../lectures/09_scaling_laws_1/lecture_09_note.pdf, page 15>


File: ../lectures/09_scaling_laws_1/lecture_09_note.pdf Graphic file (type pdf)

<use ../lectures/09_scaling_laws_1/lecture_09_note.pdf, page 15>
[172

]
File: ../lectures/09_scaling_laws_1/lecture_09_note.pdf Graphic file (type pdf)

<use ../lectures/09_scaling_laws_1/lecture_09_note.pdf, page 16>
File: ../lectures/09_scaling_laws_1/lecture_09_note.pdf Graphic file (type pdf)

<use ../lectures/09_scaling_laws_1/lecture_09_note.pdf, page 16>


File: ../lectures/09_scaling_laws_1/lecture_09_note.pdf Graphic file (type pdf)

<use ../lectures/09_scaling_laws_1/lecture_09_note.pdf, page 16>
[173

]
File: ../lectures/09_scaling_laws_1/lecture_09_note.pdf Graphic file (type pdf)

<use ../lectures/09_scaling_laws_1/lecture_09_note.pdf, page 17>
File: ../lectures/09_scaling_laws_1/lecture_09_note.pdf Graphic file (type pdf)

<use ../lectures/09_scaling_laws_1/lecture_09_note.pdf, page 17>


File: ../lectures/09_scaling_laws_1/lecture_09_note.pdf Graphic file (type pdf)

<use ../lectures/09_scaling_laws_1/lecture_09_note.pdf, page 17>
[174

]
File: ../lectures/09_scaling_laws_1/lecture_09_note.pdf Graphic file (type pdf)

<use ../lectures/09_scaling_laws_1/lecture_09_note.pdf, page 18>
File: ../lectures/09_scaling_laws_1/lecture_09_note.pdf Graphic file (type pdf)

<use ../lectures/09_scaling_laws_1/lecture_09_note.pdf, page 18>


File: ../lectures/09_scaling_laws_1/lecture_09_note.pdf Graphic file (type pdf)

<use ../lectures/09_scaling_laws_1/lecture_09_note.pdf, page 18>
[175

]
File: ../lectures/10_inference/lecture_10_note.pdf Graphic file (type pdf)
<use ../lectures/10_inference/lecture_10_note.pdf>
File: ../lectures/10_inference/lecture_10_note.pdf Graphic file (type pdf)
<use ../lectures/10_inference/lecture_10_note.pdf, page 1>
File: ../lectures/10_inference/lecture_10_note.pdf Graphic file (type pdf)
<use ../lectures/10_inference/lecture_10_note.pdf, page 1>


[176]
File: ../lectures/10_inference/lecture_10_note.pdf Graphic file (type pdf)
<use ../lectures/10_inference/lecture_10_note.pdf, page 1>
File: ../lectures/10_inference/lecture_10_note.pdf Graphic file (type pdf)
<use ../lectures/10_inference/lecture_10_note.pdf, page 1>


File: ../lectures/10_inference/lecture_10_note.pdf Graphic file (type pdf)
<use ../lectures/10_inference/lecture_10_note.pdf, page 1>
[177

]
File: ../lectures/10_inference/lecture_10_note.pdf Graphic file (type pdf)
<use ../lectures/10_inference/lecture_10_note.pdf, page 2>
File: ../lectures/10_inference/lecture_10_note.pdf Graphic file (type pdf)
<use ../lectures/10_inference/lecture_10_note.pdf, page 2>


File: ../lectures/10_inference/lecture_10_note.pdf Graphic file (type pdf)
<use ../lectures/10_inference/lecture_10_note.pdf, page 2>
[178

]
File: ../lectures/10_inference/lecture_10_note.pdf Graphic file (type pdf)
<use ../lectures/10_inference/lecture_10_note.pdf, page 3>
File: ../lectures/10_inference/lecture_10_note.pdf Graphic file (type pdf)
<use ../lectures/10_inference/lecture_10_note.pdf, page 3>


File: ../lectures/10_inference/lecture_10_note.pdf Graphic file (type pdf)
<use ../lectures/10_inference/lecture_10_note.pdf, page 3>
[179

]
File: ../lectures/10_inference/lecture_10_note.pdf Graphic file (type pdf)
<use ../lectures/10_inference/lecture_10_note.pdf, page 4>
File: ../lectures/10_inference/lecture_10_note.pdf Graphic file (type pdf)
<use ../lectures/10_inference/lecture_10_note.pdf, page 4>


File: ../lectures/10_inference/lecture_10_note.pdf Graphic file (type pdf)
<use ../lectures/10_inference/lecture_10_note.pdf, page 4>
[180

]
File: ../lectures/10_inference/lecture_10_note.pdf Graphic file (type pdf)
<use ../lectures/10_inference/lecture_10_note.pdf, page 5>
File: ../lectures/10_inference/lecture_10_note.pdf Graphic file (type pdf)
<use ../lectures/10_inference/lecture_10_note.pdf, page 5>


File: ../lectures/10_inference/lecture_10_note.pdf Graphic file (type pdf)
<use ../lectures/10_inference/lecture_10_note.pdf, page 5>
[181

]
File: ../lectures/10_inference/lecture_10_note.pdf Graphic file (type pdf)
<use ../lectures/10_inference/lecture_10_note.pdf, page 6>
File: ../lectures/10_inference/lecture_10_note.pdf Graphic file (type pdf)
<use ../lectures/10_inference/lecture_10_note.pdf, page 6>


File: ../lectures/10_inference/lecture_10_note.pdf Graphic file (type pdf)
<use ../lectures/10_inference/lecture_10_note.pdf, page 6>
[182

]
File: ../lectures/10_inference/lecture_10_note.pdf Graphic file (type pdf)
<use ../lectures/10_inference/lecture_10_note.pdf, page 7>
File: ../lectures/10_inference/lecture_10_note.pdf Graphic file (type pdf)
<use ../lectures/10_inference/lecture_10_note.pdf, page 7>


File: ../lectures/10_inference/lecture_10_note.pdf Graphic file (type pdf)
<use ../lectures/10_inference/lecture_10_note.pdf, page 7>
[183

]
File: ../lectures/10_inference/lecture_10_note.pdf Graphic file (type pdf)
<use ../lectures/10_inference/lecture_10_note.pdf, page 8>
File: ../lectures/10_inference/lecture_10_note.pdf Graphic file (type pdf)
<use ../lectures/10_inference/lecture_10_note.pdf, page 8>


File: ../lectures/10_inference/lecture_10_note.pdf Graphic file (type pdf)
<use ../lectures/10_inference/lecture_10_note.pdf, page 8>
[184

]
File: ../lectures/10_inference/lecture_10_note.pdf Graphic file (type pdf)
<use ../lectures/10_inference/lecture_10_note.pdf, page 9>
File: ../lectures/10_inference/lecture_10_note.pdf Graphic file (type pdf)
<use ../lectures/10_inference/lecture_10_note.pdf, page 9>


File: ../lectures/10_inference/lecture_10_note.pdf Graphic file (type pdf)
<use ../lectures/10_inference/lecture_10_note.pdf, page 9>
[185

]
File: ../lectures/10_inference/lecture_10_note.pdf Graphic file (type pdf)
<use ../lectures/10_inference/lecture_10_note.pdf, page 10>
File: ../lectures/10_inference/lecture_10_note.pdf Graphic file (type pdf)
<use ../lectures/10_inference/lecture_10_note.pdf, page 10>


File: ../lectures/10_inference/lecture_10_note.pdf Graphic file (type pdf)
<use ../lectures/10_inference/lecture_10_note.pdf, page 10>
[186

]
File: ../lectures/10_inference/lecture_10_note.pdf Graphic file (type pdf)
<use ../lectures/10_inference/lecture_10_note.pdf, page 11>
File: ../lectures/10_inference/lecture_10_note.pdf Graphic file (type pdf)
<use ../lectures/10_inference/lecture_10_note.pdf, page 11>


File: ../lectures/10_inference/lecture_10_note.pdf Graphic file (type pdf)
<use ../lectures/10_inference/lecture_10_note.pdf, page 11>
[187

]
File: ../lectures/10_inference/lecture_10_note.pdf Graphic file (type pdf)
<use ../lectures/10_inference/lecture_10_note.pdf, page 12>
File: ../lectures/10_inference/lecture_10_note.pdf Graphic file (type pdf)
<use ../lectures/10_inference/lecture_10_note.pdf, page 12>


File: ../lectures/10_inference/lecture_10_note.pdf Graphic file (type pdf)
<use ../lectures/10_inference/lecture_10_note.pdf, page 12>
[188

]
File: ../lectures/10_inference/lecture_10_note.pdf Graphic file (type pdf)
<use ../lectures/10_inference/lecture_10_note.pdf, page 13>
File: ../lectures/10_inference/lecture_10_note.pdf Graphic file (type pdf)
<use ../lectures/10_inference/lecture_10_note.pdf, page 13>


File: ../lectures/10_inference/lecture_10_note.pdf Graphic file (type pdf)
<use ../lectures/10_inference/lecture_10_note.pdf, page 13>
[189

]
File: ../lectures/10_inference/lecture_10_note.pdf Graphic file (type pdf)
<use ../lectures/10_inference/lecture_10_note.pdf, page 14>
File: ../lectures/10_inference/lecture_10_note.pdf Graphic file (type pdf)
<use ../lectures/10_inference/lecture_10_note.pdf, page 14>


File: ../lectures/10_inference/lecture_10_note.pdf Graphic file (type pdf)
<use ../lectures/10_inference/lecture_10_note.pdf, page 14>
[190

]
File: ../lectures/10_inference/lecture_10_note.pdf Graphic file (type pdf)
<use ../lectures/10_inference/lecture_10_note.pdf, page 15>
File: ../lectures/10_inference/lecture_10_note.pdf Graphic file (type pdf)
<use ../lectures/10_inference/lecture_10_note.pdf, page 15>


File: ../lectures/10_inference/lecture_10_note.pdf Graphic file (type pdf)
<use ../lectures/10_inference/lecture_10_note.pdf, page 15>
[191

]
File: ../lectures/10_inference/lecture_10_note.pdf Graphic file (type pdf)
<use ../lectures/10_inference/lecture_10_note.pdf, page 16>
File: ../lectures/10_inference/lecture_10_note.pdf Graphic file (type pdf)
<use ../lectures/10_inference/lecture_10_note.pdf, page 16>


File: ../lectures/10_inference/lecture_10_note.pdf Graphic file (type pdf)
<use ../lectures/10_inference/lecture_10_note.pdf, page 16>
[192

]
File: ../lectures/10_inference/lecture_10_note.pdf Graphic file (type pdf)
<use ../lectures/10_inference/lecture_10_note.pdf, page 17>
File: ../lectures/10_inference/lecture_10_note.pdf Graphic file (type pdf)
<use ../lectures/10_inference/lecture_10_note.pdf, page 17>


File: ../lectures/10_inference/lecture_10_note.pdf Graphic file (type pdf)
<use ../lectures/10_inference/lecture_10_note.pdf, page 17>
[193

]
File: ../lectures/10_inference/lecture_10_note.pdf Graphic file (type pdf)
<use ../lectures/10_inference/lecture_10_note.pdf, page 18>
File: ../lectures/10_inference/lecture_10_note.pdf Graphic file (type pdf)
<use ../lectures/10_inference/lecture_10_note.pdf, page 18>


File: ../lectures/10_inference/lecture_10_note.pdf Graphic file (type pdf)
<use ../lectures/10_inference/lecture_10_note.pdf, page 18>
[194

]
File: ../lectures/11_scaling_laws_2/lecture_11_note.pdf Graphic file (type pdf)

<use ../lectures/11_scaling_laws_2/lecture_11_note.pdf>
File: ../lectures/11_scaling_laws_2/lecture_11_note.pdf Graphic file (type pdf)

<use ../lectures/11_scaling_laws_2/lecture_11_note.pdf, page 1>
File: ../lectures/11_scaling_laws_2/lecture_11_note.pdf Graphic file (type pdf)

<use ../lectures/11_scaling_laws_2/lecture_11_note.pdf, page 1>


[195]
File: ../lectures/11_scaling_laws_2/lecture_11_note.pdf Graphic file (type pdf)

<use ../lectures/11_scaling_laws_2/lecture_11_note.pdf, page 1>
File: ../lectures/11_scaling_laws_2/lecture_11_note.pdf Graphic file (type pdf)

<use ../lectures/11_scaling_laws_2/lecture_11_note.pdf, page 1>


File: ../lectures/11_scaling_laws_2/lecture_11_note.pdf Graphic file (type pdf)

<use ../lectures/11_scaling_laws_2/lecture_11_note.pdf, page 1>
[196

]
File: ../lectures/11_scaling_laws_2/lecture_11_note.pdf Graphic file (type pdf)

<use ../lectures/11_scaling_laws_2/lecture_11_note.pdf, page 2>
File: ../lectures/11_scaling_laws_2/lecture_11_note.pdf Graphic file (type pdf)

<use ../lectures/11_scaling_laws_2/lecture_11_note.pdf, page 2>


File: ../lectures/11_scaling_laws_2/lecture_11_note.pdf Graphic file (type pdf)

<use ../lectures/11_scaling_laws_2/lecture_11_note.pdf, page 2>
[197

]
File: ../lectures/11_scaling_laws_2/lecture_11_note.pdf Graphic file (type pdf)

<use ../lectures/11_scaling_laws_2/lecture_11_note.pdf, page 3>
File: ../lectures/11_scaling_laws_2/lecture_11_note.pdf Graphic file (type pdf)

<use ../lectures/11_scaling_laws_2/lecture_11_note.pdf, page 3>


File: ../lectures/11_scaling_laws_2/lecture_11_note.pdf Graphic file (type pdf)

<use ../lectures/11_scaling_laws_2/lecture_11_note.pdf, page 3>
[198

]
File: ../lectures/11_scaling_laws_2/lecture_11_note.pdf Graphic file (type pdf)

<use ../lectures/11_scaling_laws_2/lecture_11_note.pdf, page 4>
File: ../lectures/11_scaling_laws_2/lecture_11_note.pdf Graphic file (type pdf)

<use ../lectures/11_scaling_laws_2/lecture_11_note.pdf, page 4>


File: ../lectures/11_scaling_laws_2/lecture_11_note.pdf Graphic file (type pdf)

<use ../lectures/11_scaling_laws_2/lecture_11_note.pdf, page 4>
[199

]
File: ../lectures/11_scaling_laws_2/lecture_11_note.pdf Graphic file (type pdf)

<use ../lectures/11_scaling_laws_2/lecture_11_note.pdf, page 5>
File: ../lectures/11_scaling_laws_2/lecture_11_note.pdf Graphic file (type pdf)

<use ../lectures/11_scaling_laws_2/lecture_11_note.pdf, page 5>


File: ../lectures/11_scaling_laws_2/lecture_11_note.pdf Graphic file (type pdf)

<use ../lectures/11_scaling_laws_2/lecture_11_note.pdf, page 5>
[200

]
File: ../lectures/11_scaling_laws_2/lecture_11_note.pdf Graphic file (type pdf)

<use ../lectures/11_scaling_laws_2/lecture_11_note.pdf, page 6>
File: ../lectures/11_scaling_laws_2/lecture_11_note.pdf Graphic file (type pdf)

<use ../lectures/11_scaling_laws_2/lecture_11_note.pdf, page 6>


File: ../lectures/11_scaling_laws_2/lecture_11_note.pdf Graphic file (type pdf)

<use ../lectures/11_scaling_laws_2/lecture_11_note.pdf, page 6>
[201

]
File: ../lectures/11_scaling_laws_2/lecture_11_note.pdf Graphic file (type pdf)

<use ../lectures/11_scaling_laws_2/lecture_11_note.pdf, page 7>
File: ../lectures/11_scaling_laws_2/lecture_11_note.pdf Graphic file (type pdf)

<use ../lectures/11_scaling_laws_2/lecture_11_note.pdf, page 7>


File: ../lectures/11_scaling_laws_2/lecture_11_note.pdf Graphic file (type pdf)

<use ../lectures/11_scaling_laws_2/lecture_11_note.pdf, page 7>
[202

]
File: ../lectures/11_scaling_laws_2/lecture_11_note.pdf Graphic file (type pdf)

<use ../lectures/11_scaling_laws_2/lecture_11_note.pdf, page 8>
File: ../lectures/11_scaling_laws_2/lecture_11_note.pdf Graphic file (type pdf)

<use ../lectures/11_scaling_laws_2/lecture_11_note.pdf, page 8>


File: ../lectures/11_scaling_laws_2/lecture_11_note.pdf Graphic file (type pdf)

<use ../lectures/11_scaling_laws_2/lecture_11_note.pdf, page 8>
[203

]
File: ../lectures/11_scaling_laws_2/lecture_11_note.pdf Graphic file (type pdf)

<use ../lectures/11_scaling_laws_2/lecture_11_note.pdf, page 9>
File: ../lectures/11_scaling_laws_2/lecture_11_note.pdf Graphic file (type pdf)

<use ../lectures/11_scaling_laws_2/lecture_11_note.pdf, page 9>


File: ../lectures/11_scaling_laws_2/lecture_11_note.pdf Graphic file (type pdf)

<use ../lectures/11_scaling_laws_2/lecture_11_note.pdf, page 9>
[204

]
File: ../lectures/11_scaling_laws_2/lecture_11_note.pdf Graphic file (type pdf)

<use ../lectures/11_scaling_laws_2/lecture_11_note.pdf, page 10>
File: ../lectures/11_scaling_laws_2/lecture_11_note.pdf Graphic file (type pdf)

<use ../lectures/11_scaling_laws_2/lecture_11_note.pdf, page 10>


File: ../lectures/11_scaling_laws_2/lecture_11_note.pdf Graphic file (type pdf)

<use ../lectures/11_scaling_laws_2/lecture_11_note.pdf, page 10>
[205

]
File: ../lectures/11_scaling_laws_2/lecture_11_note.pdf Graphic file (type pdf)

<use ../lectures/11_scaling_laws_2/lecture_11_note.pdf, page 11>
File: ../lectures/11_scaling_laws_2/lecture_11_note.pdf Graphic file (type pdf)

<use ../lectures/11_scaling_laws_2/lecture_11_note.pdf, page 11>


File: ../lectures/11_scaling_laws_2/lecture_11_note.pdf Graphic file (type pdf)

<use ../lectures/11_scaling_laws_2/lecture_11_note.pdf, page 11>
[206

]
File: ../lectures/11_scaling_laws_2/lecture_11_note.pdf Graphic file (type pdf)

<use ../lectures/11_scaling_laws_2/lecture_11_note.pdf, page 12>
File: ../lectures/11_scaling_laws_2/lecture_11_note.pdf Graphic file (type pdf)

<use ../lectures/11_scaling_laws_2/lecture_11_note.pdf, page 12>


File: ../lectures/11_scaling_laws_2/lecture_11_note.pdf Graphic file (type pdf)

<use ../lectures/11_scaling_laws_2/lecture_11_note.pdf, page 12>
[207

]
File: ../lectures/11_scaling_laws_2/lecture_11_note.pdf Graphic file (type pdf)

<use ../lectures/11_scaling_laws_2/lecture_11_note.pdf, page 13>
File: ../lectures/11_scaling_laws_2/lecture_11_note.pdf Graphic file (type pdf)

<use ../lectures/11_scaling_laws_2/lecture_11_note.pdf, page 13>


File: ../lectures/11_scaling_laws_2/lecture_11_note.pdf Graphic file (type pdf)

<use ../lectures/11_scaling_laws_2/lecture_11_note.pdf, page 13>
[208

]
File: ../lectures/11_scaling_laws_2/lecture_11_note.pdf Graphic file (type pdf)

<use ../lectures/11_scaling_laws_2/lecture_11_note.pdf, page 14>
File: ../lectures/11_scaling_laws_2/lecture_11_note.pdf Graphic file (type pdf)

<use ../lectures/11_scaling_laws_2/lecture_11_note.pdf, page 14>


File: ../lectures/11_scaling_laws_2/lecture_11_note.pdf Graphic file (type pdf)

<use ../lectures/11_scaling_laws_2/lecture_11_note.pdf, page 14>
[209

]
File: ../lectures/11_scaling_laws_2/lecture_11_note.pdf Graphic file (type pdf)

<use ../lectures/11_scaling_laws_2/lecture_11_note.pdf, page 15>
File: ../lectures/11_scaling_laws_2/lecture_11_note.pdf Graphic file (type pdf)

<use ../lectures/11_scaling_laws_2/lecture_11_note.pdf, page 15>


File: ../lectures/11_scaling_laws_2/lecture_11_note.pdf Graphic file (type pdf)

<use ../lectures/11_scaling_laws_2/lecture_11_note.pdf, page 15>
[210

]
File: ../lectures/11_scaling_laws_2/lecture_11_note.pdf Graphic file (type pdf)

<use ../lectures/11_scaling_laws_2/lecture_11_note.pdf, page 16>
File: ../lectures/11_scaling_laws_2/lecture_11_note.pdf Graphic file (type pdf)

<use ../lectures/11_scaling_laws_2/lecture_11_note.pdf, page 16>


File: ../lectures/11_scaling_laws_2/lecture_11_note.pdf Graphic file (type pdf)

<use ../lectures/11_scaling_laws_2/lecture_11_note.pdf, page 16>
[211

]
File: ../lectures/11_scaling_laws_2/lecture_11_note.pdf Graphic file (type pdf)

<use ../lectures/11_scaling_laws_2/lecture_11_note.pdf, page 17>
File: ../lectures/11_scaling_laws_2/lecture_11_note.pdf Graphic file (type pdf)

<use ../lectures/11_scaling_laws_2/lecture_11_note.pdf, page 17>


File: ../lectures/11_scaling_laws_2/lecture_11_note.pdf Graphic file (type pdf)

<use ../lectures/11_scaling_laws_2/lecture_11_note.pdf, page 17>
[212

]
File: ../lectures/11_scaling_laws_2/lecture_11_note.pdf Graphic file (type pdf)

<use ../lectures/11_scaling_laws_2/lecture_11_note.pdf, page 18>
File: ../lectures/11_scaling_laws_2/lecture_11_note.pdf Graphic file (type pdf)

<use ../lectures/11_scaling_laws_2/lecture_11_note.pdf, page 18>


File: ../lectures/11_scaling_laws_2/lecture_11_note.pdf Graphic file (type pdf)

<use ../lectures/11_scaling_laws_2/lecture_11_note.pdf, page 18>
[213

]
File: ../lectures/12_evaluation/lecture_12_note.pdf Graphic file (type pdf)
<use ../lectures/12_evaluation/lecture_12_note.pdf>
File: ../lectures/12_evaluation/lecture_12_note.pdf Graphic file (type pdf)
<use ../lectures/12_evaluation/lecture_12_note.pdf, page 1>
File: ../lectures/12_evaluation/lecture_12_note.pdf Graphic file (type pdf)
<use ../lectures/12_evaluation/lecture_12_note.pdf, page 1>


[214]
File: ../lectures/12_evaluation/lecture_12_note.pdf Graphic file (type pdf)
<use ../lectures/12_evaluation/lecture_12_note.pdf, page 1>
File: ../lectures/12_evaluation/lecture_12_note.pdf Graphic file (type pdf)
<use ../lectures/12_evaluation/lecture_12_note.pdf, page 1>


File: ../lectures/12_evaluation/lecture_12_note.pdf Graphic file (type pdf)
<use ../lectures/12_evaluation/lecture_12_note.pdf, page 1>
[215

]
File: ../lectures/12_evaluation/lecture_12_note.pdf Graphic file (type pdf)
<use ../lectures/12_evaluation/lecture_12_note.pdf, page 2>
File: ../lectures/12_evaluation/lecture_12_note.pdf Graphic file (type pdf)
<use ../lectures/12_evaluation/lecture_12_note.pdf, page 2>


File: ../lectures/12_evaluation/lecture_12_note.pdf Graphic file (type pdf)
<use ../lectures/12_evaluation/lecture_12_note.pdf, page 2>
[216

]
File: ../lectures/12_evaluation/lecture_12_note.pdf Graphic file (type pdf)
<use ../lectures/12_evaluation/lecture_12_note.pdf, page 3>
File: ../lectures/12_evaluation/lecture_12_note.pdf Graphic file (type pdf)
<use ../lectures/12_evaluation/lecture_12_note.pdf, page 3>


File: ../lectures/12_evaluation/lecture_12_note.pdf Graphic file (type pdf)
<use ../lectures/12_evaluation/lecture_12_note.pdf, page 3>
[217

]
File: ../lectures/12_evaluation/lecture_12_note.pdf Graphic file (type pdf)
<use ../lectures/12_evaluation/lecture_12_note.pdf, page 4>
File: ../lectures/12_evaluation/lecture_12_note.pdf Graphic file (type pdf)
<use ../lectures/12_evaluation/lecture_12_note.pdf, page 4>


File: ../lectures/12_evaluation/lecture_12_note.pdf Graphic file (type pdf)
<use ../lectures/12_evaluation/lecture_12_note.pdf, page 4>
[218

]
File: ../lectures/12_evaluation/lecture_12_note.pdf Graphic file (type pdf)
<use ../lectures/12_evaluation/lecture_12_note.pdf, page 5>
File: ../lectures/12_evaluation/lecture_12_note.pdf Graphic file (type pdf)
<use ../lectures/12_evaluation/lecture_12_note.pdf, page 5>


File: ../lectures/12_evaluation/lecture_12_note.pdf Graphic file (type pdf)
<use ../lectures/12_evaluation/lecture_12_note.pdf, page 5>
[219

]
File: ../lectures/12_evaluation/lecture_12_note.pdf Graphic file (type pdf)
<use ../lectures/12_evaluation/lecture_12_note.pdf, page 6>
File: ../lectures/12_evaluation/lecture_12_note.pdf Graphic file (type pdf)
<use ../lectures/12_evaluation/lecture_12_note.pdf, page 6>


File: ../lectures/12_evaluation/lecture_12_note.pdf Graphic file (type pdf)
<use ../lectures/12_evaluation/lecture_12_note.pdf, page 6>
[220

]
File: ../lectures/12_evaluation/lecture_12_note.pdf Graphic file (type pdf)
<use ../lectures/12_evaluation/lecture_12_note.pdf, page 7>
File: ../lectures/12_evaluation/lecture_12_note.pdf Graphic file (type pdf)
<use ../lectures/12_evaluation/lecture_12_note.pdf, page 7>


File: ../lectures/12_evaluation/lecture_12_note.pdf Graphic file (type pdf)
<use ../lectures/12_evaluation/lecture_12_note.pdf, page 7>
[221

]
File: ../lectures/12_evaluation/lecture_12_note.pdf Graphic file (type pdf)
<use ../lectures/12_evaluation/lecture_12_note.pdf, page 8>
File: ../lectures/12_evaluation/lecture_12_note.pdf Graphic file (type pdf)
<use ../lectures/12_evaluation/lecture_12_note.pdf, page 8>


File: ../lectures/12_evaluation/lecture_12_note.pdf Graphic file (type pdf)
<use ../lectures/12_evaluation/lecture_12_note.pdf, page 8>
[222

]
File: ../lectures/12_evaluation/lecture_12_note.pdf Graphic file (type pdf)
<use ../lectures/12_evaluation/lecture_12_note.pdf, page 9>
File: ../lectures/12_evaluation/lecture_12_note.pdf Graphic file (type pdf)
<use ../lectures/12_evaluation/lecture_12_note.pdf, page 9>


File: ../lectures/12_evaluation/lecture_12_note.pdf Graphic file (type pdf)
<use ../lectures/12_evaluation/lecture_12_note.pdf, page 9>
[223

]
File: ../lectures/12_evaluation/lecture_12_note.pdf Graphic file (type pdf)
<use ../lectures/12_evaluation/lecture_12_note.pdf, page 10>
File: ../lectures/12_evaluation/lecture_12_note.pdf Graphic file (type pdf)
<use ../lectures/12_evaluation/lecture_12_note.pdf, page 10>


File: ../lectures/12_evaluation/lecture_12_note.pdf Graphic file (type pdf)
<use ../lectures/12_evaluation/lecture_12_note.pdf, page 10>
[224

]
File: ../lectures/12_evaluation/lecture_12_note.pdf Graphic file (type pdf)
<use ../lectures/12_evaluation/lecture_12_note.pdf, page 11>
File: ../lectures/12_evaluation/lecture_12_note.pdf Graphic file (type pdf)
<use ../lectures/12_evaluation/lecture_12_note.pdf, page 11>


File: ../lectures/12_evaluation/lecture_12_note.pdf Graphic file (type pdf)
<use ../lectures/12_evaluation/lecture_12_note.pdf, page 11>
[225

]
File: ../lectures/12_evaluation/lecture_12_note.pdf Graphic file (type pdf)
<use ../lectures/12_evaluation/lecture_12_note.pdf, page 12>
File: ../lectures/12_evaluation/lecture_12_note.pdf Graphic file (type pdf)
<use ../lectures/12_evaluation/lecture_12_note.pdf, page 12>


File: ../lectures/12_evaluation/lecture_12_note.pdf Graphic file (type pdf)
<use ../lectures/12_evaluation/lecture_12_note.pdf, page 12>
[226

]
File: ../lectures/12_evaluation/lecture_12_note.pdf Graphic file (type pdf)
<use ../lectures/12_evaluation/lecture_12_note.pdf, page 13>
File: ../lectures/12_evaluation/lecture_12_note.pdf Graphic file (type pdf)
<use ../lectures/12_evaluation/lecture_12_note.pdf, page 13>


File: ../lectures/12_evaluation/lecture_12_note.pdf Graphic file (type pdf)
<use ../lectures/12_evaluation/lecture_12_note.pdf, page 13>
[227

]
File: ../lectures/12_evaluation/lecture_12_note.pdf Graphic file (type pdf)
<use ../lectures/12_evaluation/lecture_12_note.pdf, page 14>
File: ../lectures/12_evaluation/lecture_12_note.pdf Graphic file (type pdf)
<use ../lectures/12_evaluation/lecture_12_note.pdf, page 14>


File: ../lectures/12_evaluation/lecture_12_note.pdf Graphic file (type pdf)
<use ../lectures/12_evaluation/lecture_12_note.pdf, page 14>
[228

]
File: ../lectures/12_evaluation/lecture_12_note.pdf Graphic file (type pdf)
<use ../lectures/12_evaluation/lecture_12_note.pdf, page 15>
File: ../lectures/12_evaluation/lecture_12_note.pdf Graphic file (type pdf)
<use ../lectures/12_evaluation/lecture_12_note.pdf, page 15>


File: ../lectures/12_evaluation/lecture_12_note.pdf Graphic file (type pdf)
<use ../lectures/12_evaluation/lecture_12_note.pdf, page 15>
[229

]
File: ../lectures/12_evaluation/lecture_12_note.pdf Graphic file (type pdf)
<use ../lectures/12_evaluation/lecture_12_note.pdf, page 16>
File: ../lectures/12_evaluation/lecture_12_note.pdf Graphic file (type pdf)
<use ../lectures/12_evaluation/lecture_12_note.pdf, page 16>


File: ../lectures/12_evaluation/lecture_12_note.pdf Graphic file (type pdf)
<use ../lectures/12_evaluation/lecture_12_note.pdf, page 16>
[230

]
File: ../lectures/12_evaluation/lecture_12_note.pdf Graphic file (type pdf)
<use ../lectures/12_evaluation/lecture_12_note.pdf, page 17>
File: ../lectures/12_evaluation/lecture_12_note.pdf Graphic file (type pdf)
<use ../lectures/12_evaluation/lecture_12_note.pdf, page 17>


File: ../lectures/12_evaluation/lecture_12_note.pdf Graphic file (type pdf)
<use ../lectures/12_evaluation/lecture_12_note.pdf, page 17>
[231

]
File: ../lectures/12_evaluation/lecture_12_note.pdf Graphic file (type pdf)
<use ../lectures/12_evaluation/lecture_12_note.pdf, page 18>
File: ../lectures/12_evaluation/lecture_12_note.pdf Graphic file (type pdf)
<use ../lectures/12_evaluation/lecture_12_note.pdf, page 18>


File: ../lectures/12_evaluation/lecture_12_note.pdf Graphic file (type pdf)
<use ../lectures/12_evaluation/lecture_12_note.pdf, page 18>
[232

]
File: ../lectures/13_data_1/lecture_13_note.pdf Graphic file (type pdf)
<use ../lectures/13_data_1/lecture_13_note.pdf>
File: ../lectures/13_data_1/lecture_13_note.pdf Graphic file (type pdf)
<use ../lectures/13_data_1/lecture_13_note.pdf, page 1>
File: ../lectures/13_data_1/lecture_13_note.pdf Graphic file (type pdf)
<use ../lectures/13_data_1/lecture_13_note.pdf, page 1>


[233]
File: ../lectures/13_data_1/lecture_13_note.pdf Graphic file (type pdf)
<use ../lectures/13_data_1/lecture_13_note.pdf, page 1>
File: ../lectures/13_data_1/lecture_13_note.pdf Graphic file (type pdf)
<use ../lectures/13_data_1/lecture_13_note.pdf, page 1>


File: ../lectures/13_data_1/lecture_13_note.pdf Graphic file (type pdf)
<use ../lectures/13_data_1/lecture_13_note.pdf, page 1>
[234

]
File: ../lectures/13_data_1/lecture_13_note.pdf Graphic file (type pdf)
<use ../lectures/13_data_1/lecture_13_note.pdf, page 2>
File: ../lectures/13_data_1/lecture_13_note.pdf Graphic file (type pdf)
<use ../lectures/13_data_1/lecture_13_note.pdf, page 2>


File: ../lectures/13_data_1/lecture_13_note.pdf Graphic file (type pdf)
<use ../lectures/13_data_1/lecture_13_note.pdf, page 2>
[235

]
File: ../lectures/13_data_1/lecture_13_note.pdf Graphic file (type pdf)
<use ../lectures/13_data_1/lecture_13_note.pdf, page 3>
File: ../lectures/13_data_1/lecture_13_note.pdf Graphic file (type pdf)
<use ../lectures/13_data_1/lecture_13_note.pdf, page 3>


File: ../lectures/13_data_1/lecture_13_note.pdf Graphic file (type pdf)
<use ../lectures/13_data_1/lecture_13_note.pdf, page 3>
[236

]
File: ../lectures/13_data_1/lecture_13_note.pdf Graphic file (type pdf)
<use ../lectures/13_data_1/lecture_13_note.pdf, page 4>
File: ../lectures/13_data_1/lecture_13_note.pdf Graphic file (type pdf)
<use ../lectures/13_data_1/lecture_13_note.pdf, page 4>


File: ../lectures/13_data_1/lecture_13_note.pdf Graphic file (type pdf)
<use ../lectures/13_data_1/lecture_13_note.pdf, page 4>
[237

]
File: ../lectures/13_data_1/lecture_13_note.pdf Graphic file (type pdf)
<use ../lectures/13_data_1/lecture_13_note.pdf, page 5>
File: ../lectures/13_data_1/lecture_13_note.pdf Graphic file (type pdf)
<use ../lectures/13_data_1/lecture_13_note.pdf, page 5>


File: ../lectures/13_data_1/lecture_13_note.pdf Graphic file (type pdf)
<use ../lectures/13_data_1/lecture_13_note.pdf, page 5>
[238

]
File: ../lectures/13_data_1/lecture_13_note.pdf Graphic file (type pdf)
<use ../lectures/13_data_1/lecture_13_note.pdf, page 6>
File: ../lectures/13_data_1/lecture_13_note.pdf Graphic file (type pdf)
<use ../lectures/13_data_1/lecture_13_note.pdf, page 6>


File: ../lectures/13_data_1/lecture_13_note.pdf Graphic file (type pdf)
<use ../lectures/13_data_1/lecture_13_note.pdf, page 6>
[239

]
File: ../lectures/13_data_1/lecture_13_note.pdf Graphic file (type pdf)
<use ../lectures/13_data_1/lecture_13_note.pdf, page 7>
File: ../lectures/13_data_1/lecture_13_note.pdf Graphic file (type pdf)
<use ../lectures/13_data_1/lecture_13_note.pdf, page 7>


File: ../lectures/13_data_1/lecture_13_note.pdf Graphic file (type pdf)
<use ../lectures/13_data_1/lecture_13_note.pdf, page 7>
[240

]
File: ../lectures/13_data_1/lecture_13_note.pdf Graphic file (type pdf)
<use ../lectures/13_data_1/lecture_13_note.pdf, page 8>
File: ../lectures/13_data_1/lecture_13_note.pdf Graphic file (type pdf)
<use ../lectures/13_data_1/lecture_13_note.pdf, page 8>


File: ../lectures/13_data_1/lecture_13_note.pdf Graphic file (type pdf)
<use ../lectures/13_data_1/lecture_13_note.pdf, page 8>
[241

]
File: ../lectures/13_data_1/lecture_13_note.pdf Graphic file (type pdf)
<use ../lectures/13_data_1/lecture_13_note.pdf, page 9>
File: ../lectures/13_data_1/lecture_13_note.pdf Graphic file (type pdf)
<use ../lectures/13_data_1/lecture_13_note.pdf, page 9>


File: ../lectures/13_data_1/lecture_13_note.pdf Graphic file (type pdf)
<use ../lectures/13_data_1/lecture_13_note.pdf, page 9>
[242

]
File: ../lectures/13_data_1/lecture_13_note.pdf Graphic file (type pdf)
<use ../lectures/13_data_1/lecture_13_note.pdf, page 10>
File: ../lectures/13_data_1/lecture_13_note.pdf Graphic file (type pdf)
<use ../lectures/13_data_1/lecture_13_note.pdf, page 10>


File: ../lectures/13_data_1/lecture_13_note.pdf Graphic file (type pdf)
<use ../lectures/13_data_1/lecture_13_note.pdf, page 10>
[243

]
File: ../lectures/13_data_1/lecture_13_note.pdf Graphic file (type pdf)
<use ../lectures/13_data_1/lecture_13_note.pdf, page 11>
File: ../lectures/13_data_1/lecture_13_note.pdf Graphic file (type pdf)
<use ../lectures/13_data_1/lecture_13_note.pdf, page 11>


File: ../lectures/13_data_1/lecture_13_note.pdf Graphic file (type pdf)
<use ../lectures/13_data_1/lecture_13_note.pdf, page 11>
[244

]
File: ../lectures/13_data_1/lecture_13_note.pdf Graphic file (type pdf)
<use ../lectures/13_data_1/lecture_13_note.pdf, page 12>
File: ../lectures/13_data_1/lecture_13_note.pdf Graphic file (type pdf)
<use ../lectures/13_data_1/lecture_13_note.pdf, page 12>


File: ../lectures/13_data_1/lecture_13_note.pdf Graphic file (type pdf)
<use ../lectures/13_data_1/lecture_13_note.pdf, page 12>
[245

]
File: ../lectures/13_data_1/lecture_13_note.pdf Graphic file (type pdf)
<use ../lectures/13_data_1/lecture_13_note.pdf, page 13>
File: ../lectures/13_data_1/lecture_13_note.pdf Graphic file (type pdf)
<use ../lectures/13_data_1/lecture_13_note.pdf, page 13>


File: ../lectures/13_data_1/lecture_13_note.pdf Graphic file (type pdf)
<use ../lectures/13_data_1/lecture_13_note.pdf, page 13>
[246

]
File: ../lectures/13_data_1/lecture_13_note.pdf Graphic file (type pdf)
<use ../lectures/13_data_1/lecture_13_note.pdf, page 14>
File: ../lectures/13_data_1/lecture_13_note.pdf Graphic file (type pdf)
<use ../lectures/13_data_1/lecture_13_note.pdf, page 14>


File: ../lectures/13_data_1/lecture_13_note.pdf Graphic file (type pdf)
<use ../lectures/13_data_1/lecture_13_note.pdf, page 14>
[247

]
File: ../lectures/13_data_1/lecture_13_note.pdf Graphic file (type pdf)
<use ../lectures/13_data_1/lecture_13_note.pdf, page 15>
File: ../lectures/13_data_1/lecture_13_note.pdf Graphic file (type pdf)
<use ../lectures/13_data_1/lecture_13_note.pdf, page 15>


File: ../lectures/13_data_1/lecture_13_note.pdf Graphic file (type pdf)
<use ../lectures/13_data_1/lecture_13_note.pdf, page 15>
[248

]
File: ../lectures/13_data_1/lecture_13_note.pdf Graphic file (type pdf)
<use ../lectures/13_data_1/lecture_13_note.pdf, page 16>
File: ../lectures/13_data_1/lecture_13_note.pdf Graphic file (type pdf)
<use ../lectures/13_data_1/lecture_13_note.pdf, page 16>


File: ../lectures/13_data_1/lecture_13_note.pdf Graphic file (type pdf)
<use ../lectures/13_data_1/lecture_13_note.pdf, page 16>
[249

]
File: ../lectures/13_data_1/lecture_13_note.pdf Graphic file (type pdf)
<use ../lectures/13_data_1/lecture_13_note.pdf, page 17>
File: ../lectures/13_data_1/lecture_13_note.pdf Graphic file (type pdf)
<use ../lectures/13_data_1/lecture_13_note.pdf, page 17>


File: ../lectures/13_data_1/lecture_13_note.pdf Graphic file (type pdf)
<use ../lectures/13_data_1/lecture_13_note.pdf, page 17>
[250

]
File: ../lectures/13_data_1/lecture_13_note.pdf Graphic file (type pdf)
<use ../lectures/13_data_1/lecture_13_note.pdf, page 18>
File: ../lectures/13_data_1/lecture_13_note.pdf Graphic file (type pdf)
<use ../lectures/13_data_1/lecture_13_note.pdf, page 18>


File: ../lectures/13_data_1/lecture_13_note.pdf Graphic file (type pdf)
<use ../lectures/13_data_1/lecture_13_note.pdf, page 18>
[251

]
File: ../lectures/14_data_2/lecture_14_note.pdf Graphic file (type pdf)
<use ../lectures/14_data_2/lecture_14_note.pdf>
File: ../lectures/14_data_2/lecture_14_note.pdf Graphic file (type pdf)
<use ../lectures/14_data_2/lecture_14_note.pdf, page 1>
File: ../lectures/14_data_2/lecture_14_note.pdf Graphic file (type pdf)
<use ../lectures/14_data_2/lecture_14_note.pdf, page 1>


[252]
File: ../lectures/14_data_2/lecture_14_note.pdf Graphic file (type pdf)
<use ../lectures/14_data_2/lecture_14_note.pdf, page 1>
File: ../lectures/14_data_2/lecture_14_note.pdf Graphic file (type pdf)
<use ../lectures/14_data_2/lecture_14_note.pdf, page 1>


File: ../lectures/14_data_2/lecture_14_note.pdf Graphic file (type pdf)
<use ../lectures/14_data_2/lecture_14_note.pdf, page 1>
[253

]
File: ../lectures/14_data_2/lecture_14_note.pdf Graphic file (type pdf)
<use ../lectures/14_data_2/lecture_14_note.pdf, page 2>
File: ../lectures/14_data_2/lecture_14_note.pdf Graphic file (type pdf)
<use ../lectures/14_data_2/lecture_14_note.pdf, page 2>


File: ../lectures/14_data_2/lecture_14_note.pdf Graphic file (type pdf)
<use ../lectures/14_data_2/lecture_14_note.pdf, page 2>
[254

]
File: ../lectures/14_data_2/lecture_14_note.pdf Graphic file (type pdf)
<use ../lectures/14_data_2/lecture_14_note.pdf, page 3>
File: ../lectures/14_data_2/lecture_14_note.pdf Graphic file (type pdf)
<use ../lectures/14_data_2/lecture_14_note.pdf, page 3>


File: ../lectures/14_data_2/lecture_14_note.pdf Graphic file (type pdf)
<use ../lectures/14_data_2/lecture_14_note.pdf, page 3>
[255

]
File: ../lectures/14_data_2/lecture_14_note.pdf Graphic file (type pdf)
<use ../lectures/14_data_2/lecture_14_note.pdf, page 4>
File: ../lectures/14_data_2/lecture_14_note.pdf Graphic file (type pdf)
<use ../lectures/14_data_2/lecture_14_note.pdf, page 4>


File: ../lectures/14_data_2/lecture_14_note.pdf Graphic file (type pdf)
<use ../lectures/14_data_2/lecture_14_note.pdf, page 4>
[256

]
File: ../lectures/14_data_2/lecture_14_note.pdf Graphic file (type pdf)
<use ../lectures/14_data_2/lecture_14_note.pdf, page 5>
File: ../lectures/14_data_2/lecture_14_note.pdf Graphic file (type pdf)
<use ../lectures/14_data_2/lecture_14_note.pdf, page 5>


File: ../lectures/14_data_2/lecture_14_note.pdf Graphic file (type pdf)
<use ../lectures/14_data_2/lecture_14_note.pdf, page 5>
[257

]
File: ../lectures/14_data_2/lecture_14_note.pdf Graphic file (type pdf)
<use ../lectures/14_data_2/lecture_14_note.pdf, page 6>
File: ../lectures/14_data_2/lecture_14_note.pdf Graphic file (type pdf)
<use ../lectures/14_data_2/lecture_14_note.pdf, page 6>


File: ../lectures/14_data_2/lecture_14_note.pdf Graphic file (type pdf)
<use ../lectures/14_data_2/lecture_14_note.pdf, page 6>
[258

]
File: ../lectures/14_data_2/lecture_14_note.pdf Graphic file (type pdf)
<use ../lectures/14_data_2/lecture_14_note.pdf, page 7>
File: ../lectures/14_data_2/lecture_14_note.pdf Graphic file (type pdf)
<use ../lectures/14_data_2/lecture_14_note.pdf, page 7>


File: ../lectures/14_data_2/lecture_14_note.pdf Graphic file (type pdf)
<use ../lectures/14_data_2/lecture_14_note.pdf, page 7>
[259

]
File: ../lectures/14_data_2/lecture_14_note.pdf Graphic file (type pdf)
<use ../lectures/14_data_2/lecture_14_note.pdf, page 8>
File: ../lectures/14_data_2/lecture_14_note.pdf Graphic file (type pdf)
<use ../lectures/14_data_2/lecture_14_note.pdf, page 8>


File: ../lectures/14_data_2/lecture_14_note.pdf Graphic file (type pdf)
<use ../lectures/14_data_2/lecture_14_note.pdf, page 8>
[260

]
File: ../lectures/14_data_2/lecture_14_note.pdf Graphic file (type pdf)
<use ../lectures/14_data_2/lecture_14_note.pdf, page 9>
File: ../lectures/14_data_2/lecture_14_note.pdf Graphic file (type pdf)
<use ../lectures/14_data_2/lecture_14_note.pdf, page 9>


File: ../lectures/14_data_2/lecture_14_note.pdf Graphic file (type pdf)
<use ../lectures/14_data_2/lecture_14_note.pdf, page 9>
[261

]
File: ../lectures/14_data_2/lecture_14_note.pdf Graphic file (type pdf)
<use ../lectures/14_data_2/lecture_14_note.pdf, page 10>
File: ../lectures/14_data_2/lecture_14_note.pdf Graphic file (type pdf)
<use ../lectures/14_data_2/lecture_14_note.pdf, page 10>


File: ../lectures/14_data_2/lecture_14_note.pdf Graphic file (type pdf)
<use ../lectures/14_data_2/lecture_14_note.pdf, page 10>
[262

]
File: ../lectures/14_data_2/lecture_14_note.pdf Graphic file (type pdf)
<use ../lectures/14_data_2/lecture_14_note.pdf, page 11>
File: ../lectures/14_data_2/lecture_14_note.pdf Graphic file (type pdf)
<use ../lectures/14_data_2/lecture_14_note.pdf, page 11>


File: ../lectures/14_data_2/lecture_14_note.pdf Graphic file (type pdf)
<use ../lectures/14_data_2/lecture_14_note.pdf, page 11>
[263

]
File: ../lectures/14_data_2/lecture_14_note.pdf Graphic file (type pdf)
<use ../lectures/14_data_2/lecture_14_note.pdf, page 12>
File: ../lectures/14_data_2/lecture_14_note.pdf Graphic file (type pdf)
<use ../lectures/14_data_2/lecture_14_note.pdf, page 12>


File: ../lectures/14_data_2/lecture_14_note.pdf Graphic file (type pdf)
<use ../lectures/14_data_2/lecture_14_note.pdf, page 12>
[264

]
File: ../lectures/14_data_2/lecture_14_note.pdf Graphic file (type pdf)
<use ../lectures/14_data_2/lecture_14_note.pdf, page 13>
File: ../lectures/14_data_2/lecture_14_note.pdf Graphic file (type pdf)
<use ../lectures/14_data_2/lecture_14_note.pdf, page 13>


File: ../lectures/14_data_2/lecture_14_note.pdf Graphic file (type pdf)
<use ../lectures/14_data_2/lecture_14_note.pdf, page 13>
[265

]
File: ../lectures/14_data_2/lecture_14_note.pdf Graphic file (type pdf)
<use ../lectures/14_data_2/lecture_14_note.pdf, page 14>
File: ../lectures/14_data_2/lecture_14_note.pdf Graphic file (type pdf)
<use ../lectures/14_data_2/lecture_14_note.pdf, page 14>


File: ../lectures/14_data_2/lecture_14_note.pdf Graphic file (type pdf)
<use ../lectures/14_data_2/lecture_14_note.pdf, page 14>
[266

]
File: ../lectures/14_data_2/lecture_14_note.pdf Graphic file (type pdf)
<use ../lectures/14_data_2/lecture_14_note.pdf, page 15>
File: ../lectures/14_data_2/lecture_14_note.pdf Graphic file (type pdf)
<use ../lectures/14_data_2/lecture_14_note.pdf, page 15>


File: ../lectures/14_data_2/lecture_14_note.pdf Graphic file (type pdf)
<use ../lectures/14_data_2/lecture_14_note.pdf, page 15>
[267

]
File: ../lectures/14_data_2/lecture_14_note.pdf Graphic file (type pdf)
<use ../lectures/14_data_2/lecture_14_note.pdf, page 16>
File: ../lectures/14_data_2/lecture_14_note.pdf Graphic file (type pdf)
<use ../lectures/14_data_2/lecture_14_note.pdf, page 16>


File: ../lectures/14_data_2/lecture_14_note.pdf Graphic file (type pdf)
<use ../lectures/14_data_2/lecture_14_note.pdf, page 16>
[268

]
File: ../lectures/14_data_2/lecture_14_note.pdf Graphic file (type pdf)
<use ../lectures/14_data_2/lecture_14_note.pdf, page 17>
File: ../lectures/14_data_2/lecture_14_note.pdf Graphic file (type pdf)
<use ../lectures/14_data_2/lecture_14_note.pdf, page 17>


File: ../lectures/14_data_2/lecture_14_note.pdf Graphic file (type pdf)
<use ../lectures/14_data_2/lecture_14_note.pdf, page 17>
[269

]
File: ../lectures/14_data_2/lecture_14_note.pdf Graphic file (type pdf)
<use ../lectures/14_data_2/lecture_14_note.pdf, page 18>
File: ../lectures/14_data_2/lecture_14_note.pdf Graphic file (type pdf)
<use ../lectures/14_data_2/lecture_14_note.pdf, page 18>


File: ../lectures/14_data_2/lecture_14_note.pdf Graphic file (type pdf)
<use ../lectures/14_data_2/lecture_14_note.pdf, page 18>
[270

]
File: ../lectures/15_alignment_sft_rlhf/lecture_15_note.pdf Graphic file (type 
pdf)
<use ../lectures/15_alignment_sft_rlhf/lecture_15_note.pdf>
File: ../lectures/15_alignment_sft_rlhf/lecture_15_note.pdf Graphic file (type 
pdf)
<use ../lectures/15_alignment_sft_rlhf/lecture_15_note.pdf, page 1>
File: ../lectures/15_alignment_sft_rlhf/lecture_15_note.pdf Graphic file (type 
pdf)
<use ../lectures/15_alignment_sft_rlhf/lecture_15_note.pdf, page 1>


[271]
File: ../lectures/15_alignment_sft_rlhf/lecture_15_note.pdf Graphic file (type 
pdf)
<use ../lectures/15_alignment_sft_rlhf/lecture_15_note.pdf, page 1>
File: ../lectures/15_alignment_sft_rlhf/lecture_15_note.pdf Graphic file (type 
pdf)
<use ../lectures/15_alignment_sft_rlhf/lecture_15_note.pdf, page 1>


File: ../lectures/15_alignment_sft_rlhf/lecture_15_note.pdf Graphic file (type 
pdf)
<use ../lectures/15_alignment_sft_rlhf/lecture_15_note.pdf, page 1>
[272

]
File: ../lectures/15_alignment_sft_rlhf/lecture_15_note.pdf Graphic file (type 
pdf)
<use ../lectures/15_alignment_sft_rlhf/lecture_15_note.pdf, page 2>
File: ../lectures/15_alignment_sft_rlhf/lecture_15_note.pdf Graphic file (type 
pdf)
<use ../lectures/15_alignment_sft_rlhf/lecture_15_note.pdf, page 2>


File: ../lectures/15_alignment_sft_rlhf/lecture_15_note.pdf Graphic file (type 
pdf)
<use ../lectures/15_alignment_sft_rlhf/lecture_15_note.pdf, page 2>
[273

]
File: ../lectures/15_alignment_sft_rlhf/lecture_15_note.pdf Graphic file (type 
pdf)
<use ../lectures/15_alignment_sft_rlhf/lecture_15_note.pdf, page 3>
File: ../lectures/15_alignment_sft_rlhf/lecture_15_note.pdf Graphic file (type 
pdf)
<use ../lectures/15_alignment_sft_rlhf/lecture_15_note.pdf, page 3>


File: ../lectures/15_alignment_sft_rlhf/lecture_15_note.pdf Graphic file (type 
pdf)
<use ../lectures/15_alignment_sft_rlhf/lecture_15_note.pdf, page 3>
[274

]
File: ../lectures/15_alignment_sft_rlhf/lecture_15_note.pdf Graphic file (type 
pdf)
<use ../lectures/15_alignment_sft_rlhf/lecture_15_note.pdf, page 4>
File: ../lectures/15_alignment_sft_rlhf/lecture_15_note.pdf Graphic file (type 
pdf)
<use ../lectures/15_alignment_sft_rlhf/lecture_15_note.pdf, page 4>


File: ../lectures/15_alignment_sft_rlhf/lecture_15_note.pdf Graphic file (type 
pdf)
<use ../lectures/15_alignment_sft_rlhf/lecture_15_note.pdf, page 4>
[275

]
File: ../lectures/15_alignment_sft_rlhf/lecture_15_note.pdf Graphic file (type 
pdf)
<use ../lectures/15_alignment_sft_rlhf/lecture_15_note.pdf, page 5>
File: ../lectures/15_alignment_sft_rlhf/lecture_15_note.pdf Graphic file (type 
pdf)
<use ../lectures/15_alignment_sft_rlhf/lecture_15_note.pdf, page 5>


File: ../lectures/15_alignment_sft_rlhf/lecture_15_note.pdf Graphic file (type 
pdf)
<use ../lectures/15_alignment_sft_rlhf/lecture_15_note.pdf, page 5>
[276

]
File: ../lectures/15_alignment_sft_rlhf/lecture_15_note.pdf Graphic file (type 
pdf)
<use ../lectures/15_alignment_sft_rlhf/lecture_15_note.pdf, page 6>
File: ../lectures/15_alignment_sft_rlhf/lecture_15_note.pdf Graphic file (type 
pdf)
<use ../lectures/15_alignment_sft_rlhf/lecture_15_note.pdf, page 6>


File: ../lectures/15_alignment_sft_rlhf/lecture_15_note.pdf Graphic file (type 
pdf)
<use ../lectures/15_alignment_sft_rlhf/lecture_15_note.pdf, page 6>
[277

]
File: ../lectures/15_alignment_sft_rlhf/lecture_15_note.pdf Graphic file (type 
pdf)
<use ../lectures/15_alignment_sft_rlhf/lecture_15_note.pdf, page 7>
File: ../lectures/15_alignment_sft_rlhf/lecture_15_note.pdf Graphic file (type 
pdf)
<use ../lectures/15_alignment_sft_rlhf/lecture_15_note.pdf, page 7>


File: ../lectures/15_alignment_sft_rlhf/lecture_15_note.pdf Graphic file (type 
pdf)
<use ../lectures/15_alignment_sft_rlhf/lecture_15_note.pdf, page 7>
[278

]
File: ../lectures/15_alignment_sft_rlhf/lecture_15_note.pdf Graphic file (type 
pdf)
<use ../lectures/15_alignment_sft_rlhf/lecture_15_note.pdf, page 8>
File: ../lectures/15_alignment_sft_rlhf/lecture_15_note.pdf Graphic file (type 
pdf)
<use ../lectures/15_alignment_sft_rlhf/lecture_15_note.pdf, page 8>


File: ../lectures/15_alignment_sft_rlhf/lecture_15_note.pdf Graphic file (type 
pdf)
<use ../lectures/15_alignment_sft_rlhf/lecture_15_note.pdf, page 8>
[279

]
File: ../lectures/15_alignment_sft_rlhf/lecture_15_note.pdf Graphic file (type 
pdf)
<use ../lectures/15_alignment_sft_rlhf/lecture_15_note.pdf, page 9>
File: ../lectures/15_alignment_sft_rlhf/lecture_15_note.pdf Graphic file (type 
pdf)
<use ../lectures/15_alignment_sft_rlhf/lecture_15_note.pdf, page 9>


File: ../lectures/15_alignment_sft_rlhf/lecture_15_note.pdf Graphic file (type 
pdf)
<use ../lectures/15_alignment_sft_rlhf/lecture_15_note.pdf, page 9>
[280

]
File: ../lectures/15_alignment_sft_rlhf/lecture_15_note.pdf Graphic file (type 
pdf)
<use ../lectures/15_alignment_sft_rlhf/lecture_15_note.pdf, page 10>
File: ../lectures/15_alignment_sft_rlhf/lecture_15_note.pdf Graphic file (type 
pdf)
<use ../lectures/15_alignment_sft_rlhf/lecture_15_note.pdf, page 10>


File: ../lectures/15_alignment_sft_rlhf/lecture_15_note.pdf Graphic file (type 
pdf)
<use ../lectures/15_alignment_sft_rlhf/lecture_15_note.pdf, page 10>
[281

]
File: ../lectures/15_alignment_sft_rlhf/lecture_15_note.pdf Graphic file (type 
pdf)
<use ../lectures/15_alignment_sft_rlhf/lecture_15_note.pdf, page 11>
File: ../lectures/15_alignment_sft_rlhf/lecture_15_note.pdf Graphic file (type 
pdf)
<use ../lectures/15_alignment_sft_rlhf/lecture_15_note.pdf, page 11>


File: ../lectures/15_alignment_sft_rlhf/lecture_15_note.pdf Graphic file (type 
pdf)
<use ../lectures/15_alignment_sft_rlhf/lecture_15_note.pdf, page 11>
[282

]
File: ../lectures/15_alignment_sft_rlhf/lecture_15_note.pdf Graphic file (type 
pdf)
<use ../lectures/15_alignment_sft_rlhf/lecture_15_note.pdf, page 12>
File: ../lectures/15_alignment_sft_rlhf/lecture_15_note.pdf Graphic file (type 
pdf)
<use ../lectures/15_alignment_sft_rlhf/lecture_15_note.pdf, page 12>


File: ../lectures/15_alignment_sft_rlhf/lecture_15_note.pdf Graphic file (type 
pdf)
<use ../lectures/15_alignment_sft_rlhf/lecture_15_note.pdf, page 12>
[283

]
File: ../lectures/15_alignment_sft_rlhf/lecture_15_note.pdf Graphic file (type 
pdf)
<use ../lectures/15_alignment_sft_rlhf/lecture_15_note.pdf, page 13>
File: ../lectures/15_alignment_sft_rlhf/lecture_15_note.pdf Graphic file (type 
pdf)
<use ../lectures/15_alignment_sft_rlhf/lecture_15_note.pdf, page 13>


File: ../lectures/15_alignment_sft_rlhf/lecture_15_note.pdf Graphic file (type 
pdf)
<use ../lectures/15_alignment_sft_rlhf/lecture_15_note.pdf, page 13>
[284

]
File: ../lectures/15_alignment_sft_rlhf/lecture_15_note.pdf Graphic file (type 
pdf)
<use ../lectures/15_alignment_sft_rlhf/lecture_15_note.pdf, page 14>
File: ../lectures/15_alignment_sft_rlhf/lecture_15_note.pdf Graphic file (type 
pdf)
<use ../lectures/15_alignment_sft_rlhf/lecture_15_note.pdf, page 14>


File: ../lectures/15_alignment_sft_rlhf/lecture_15_note.pdf Graphic file (type 
pdf)
<use ../lectures/15_alignment_sft_rlhf/lecture_15_note.pdf, page 14>
[285

]
File: ../lectures/15_alignment_sft_rlhf/lecture_15_note.pdf Graphic file (type 
pdf)
<use ../lectures/15_alignment_sft_rlhf/lecture_15_note.pdf, page 15>
File: ../lectures/15_alignment_sft_rlhf/lecture_15_note.pdf Graphic file (type 
pdf)
<use ../lectures/15_alignment_sft_rlhf/lecture_15_note.pdf, page 15>


File: ../lectures/15_alignment_sft_rlhf/lecture_15_note.pdf Graphic file (type 
pdf)
<use ../lectures/15_alignment_sft_rlhf/lecture_15_note.pdf, page 15>
[286

]
File: ../lectures/15_alignment_sft_rlhf/lecture_15_note.pdf Graphic file (type 
pdf)
<use ../lectures/15_alignment_sft_rlhf/lecture_15_note.pdf, page 16>
File: ../lectures/15_alignment_sft_rlhf/lecture_15_note.pdf Graphic file (type 
pdf)
<use ../lectures/15_alignment_sft_rlhf/lecture_15_note.pdf, page 16>


File: ../lectures/15_alignment_sft_rlhf/lecture_15_note.pdf Graphic file (type 
pdf)
<use ../lectures/15_alignment_sft_rlhf/lecture_15_note.pdf, page 16>
[287

]
File: ../lectures/15_alignment_sft_rlhf/lecture_15_note.pdf Graphic file (type 
pdf)
<use ../lectures/15_alignment_sft_rlhf/lecture_15_note.pdf, page 17>
File: ../lectures/15_alignment_sft_rlhf/lecture_15_note.pdf Graphic file (type 
pdf)
<use ../lectures/15_alignment_sft_rlhf/lecture_15_note.pdf, page 17>


File: ../lectures/15_alignment_sft_rlhf/lecture_15_note.pdf Graphic file (type 
pdf)
<use ../lectures/15_alignment_sft_rlhf/lecture_15_note.pdf, page 17>
[288

]
File: ../lectures/15_alignment_sft_rlhf/lecture_15_note.pdf Graphic file (type 
pdf)
<use ../lectures/15_alignment_sft_rlhf/lecture_15_note.pdf, page 18>
File: ../lectures/15_alignment_sft_rlhf/lecture_15_note.pdf Graphic file (type 
pdf)
<use ../lectures/15_alignment_sft_rlhf/lecture_15_note.pdf, page 18>


File: ../lectures/15_alignment_sft_rlhf/lecture_15_note.pdf Graphic file (type 
pdf)
<use ../lectures/15_alignment_sft_rlhf/lecture_15_note.pdf, page 18>
[289

]
File: ../lectures/16_alignment_rl_1/lecture_16_note.pdf Graphic file (type pdf)

<use ../lectures/16_alignment_rl_1/lecture_16_note.pdf>
File: ../lectures/16_alignment_rl_1/lecture_16_note.pdf Graphic file (type pdf)

<use ../lectures/16_alignment_rl_1/lecture_16_note.pdf, page 1>
File: ../lectures/16_alignment_rl_1/lecture_16_note.pdf Graphic file (type pdf)

<use ../lectures/16_alignment_rl_1/lecture_16_note.pdf, page 1>


[290]
File: ../lectures/16_alignment_rl_1/lecture_16_note.pdf Graphic file (type pdf)

<use ../lectures/16_alignment_rl_1/lecture_16_note.pdf, page 1>
File: ../lectures/16_alignment_rl_1/lecture_16_note.pdf Graphic file (type pdf)

<use ../lectures/16_alignment_rl_1/lecture_16_note.pdf, page 1>


File: ../lectures/16_alignment_rl_1/lecture_16_note.pdf Graphic file (type pdf)

<use ../lectures/16_alignment_rl_1/lecture_16_note.pdf, page 1>
[291

]
File: ../lectures/16_alignment_rl_1/lecture_16_note.pdf Graphic file (type pdf)

<use ../lectures/16_alignment_rl_1/lecture_16_note.pdf, page 2>
File: ../lectures/16_alignment_rl_1/lecture_16_note.pdf Graphic file (type pdf)

<use ../lectures/16_alignment_rl_1/lecture_16_note.pdf, page 2>


File: ../lectures/16_alignment_rl_1/lecture_16_note.pdf Graphic file (type pdf)

<use ../lectures/16_alignment_rl_1/lecture_16_note.pdf, page 2>
[292

]
File: ../lectures/16_alignment_rl_1/lecture_16_note.pdf Graphic file (type pdf)

<use ../lectures/16_alignment_rl_1/lecture_16_note.pdf, page 3>
File: ../lectures/16_alignment_rl_1/lecture_16_note.pdf Graphic file (type pdf)

<use ../lectures/16_alignment_rl_1/lecture_16_note.pdf, page 3>


File: ../lectures/16_alignment_rl_1/lecture_16_note.pdf Graphic file (type pdf)

<use ../lectures/16_alignment_rl_1/lecture_16_note.pdf, page 3>
[293

]
File: ../lectures/16_alignment_rl_1/lecture_16_note.pdf Graphic file (type pdf)

<use ../lectures/16_alignment_rl_1/lecture_16_note.pdf, page 4>
File: ../lectures/16_alignment_rl_1/lecture_16_note.pdf Graphic file (type pdf)

<use ../lectures/16_alignment_rl_1/lecture_16_note.pdf, page 4>


File: ../lectures/16_alignment_rl_1/lecture_16_note.pdf Graphic file (type pdf)

<use ../lectures/16_alignment_rl_1/lecture_16_note.pdf, page 4>
[294

]
File: ../lectures/16_alignment_rl_1/lecture_16_note.pdf Graphic file (type pdf)

<use ../lectures/16_alignment_rl_1/lecture_16_note.pdf, page 5>
File: ../lectures/16_alignment_rl_1/lecture_16_note.pdf Graphic file (type pdf)

<use ../lectures/16_alignment_rl_1/lecture_16_note.pdf, page 5>


File: ../lectures/16_alignment_rl_1/lecture_16_note.pdf Graphic file (type pdf)

<use ../lectures/16_alignment_rl_1/lecture_16_note.pdf, page 5>
[295

]
File: ../lectures/16_alignment_rl_1/lecture_16_note.pdf Graphic file (type pdf)

<use ../lectures/16_alignment_rl_1/lecture_16_note.pdf, page 6>
File: ../lectures/16_alignment_rl_1/lecture_16_note.pdf Graphic file (type pdf)

<use ../lectures/16_alignment_rl_1/lecture_16_note.pdf, page 6>


File: ../lectures/16_alignment_rl_1/lecture_16_note.pdf Graphic file (type pdf)

<use ../lectures/16_alignment_rl_1/lecture_16_note.pdf, page 6>
[296

]
File: ../lectures/16_alignment_rl_1/lecture_16_note.pdf Graphic file (type pdf)

<use ../lectures/16_alignment_rl_1/lecture_16_note.pdf, page 7>
File: ../lectures/16_alignment_rl_1/lecture_16_note.pdf Graphic file (type pdf)

<use ../lectures/16_alignment_rl_1/lecture_16_note.pdf, page 7>


File: ../lectures/16_alignment_rl_1/lecture_16_note.pdf Graphic file (type pdf)

<use ../lectures/16_alignment_rl_1/lecture_16_note.pdf, page 7>
[297

]
File: ../lectures/16_alignment_rl_1/lecture_16_note.pdf Graphic file (type pdf)

<use ../lectures/16_alignment_rl_1/lecture_16_note.pdf, page 8>
File: ../lectures/16_alignment_rl_1/lecture_16_note.pdf Graphic file (type pdf)

<use ../lectures/16_alignment_rl_1/lecture_16_note.pdf, page 8>


File: ../lectures/16_alignment_rl_1/lecture_16_note.pdf Graphic file (type pdf)

<use ../lectures/16_alignment_rl_1/lecture_16_note.pdf, page 8>
[298

]
File: ../lectures/16_alignment_rl_1/lecture_16_note.pdf Graphic file (type pdf)

<use ../lectures/16_alignment_rl_1/lecture_16_note.pdf, page 9>
File: ../lectures/16_alignment_rl_1/lecture_16_note.pdf Graphic file (type pdf)

<use ../lectures/16_alignment_rl_1/lecture_16_note.pdf, page 9>


File: ../lectures/16_alignment_rl_1/lecture_16_note.pdf Graphic file (type pdf)

<use ../lectures/16_alignment_rl_1/lecture_16_note.pdf, page 9>
[299

]
File: ../lectures/16_alignment_rl_1/lecture_16_note.pdf Graphic file (type pdf)

<use ../lectures/16_alignment_rl_1/lecture_16_note.pdf, page 10>
File: ../lectures/16_alignment_rl_1/lecture_16_note.pdf Graphic file (type pdf)

<use ../lectures/16_alignment_rl_1/lecture_16_note.pdf, page 10>


File: ../lectures/16_alignment_rl_1/lecture_16_note.pdf Graphic file (type pdf)

<use ../lectures/16_alignment_rl_1/lecture_16_note.pdf, page 10>
[300

]
File: ../lectures/16_alignment_rl_1/lecture_16_note.pdf Graphic file (type pdf)

<use ../lectures/16_alignment_rl_1/lecture_16_note.pdf, page 11>
File: ../lectures/16_alignment_rl_1/lecture_16_note.pdf Graphic file (type pdf)

<use ../lectures/16_alignment_rl_1/lecture_16_note.pdf, page 11>


File: ../lectures/16_alignment_rl_1/lecture_16_note.pdf Graphic file (type pdf)

<use ../lectures/16_alignment_rl_1/lecture_16_note.pdf, page 11>
[301

]
File: ../lectures/16_alignment_rl_1/lecture_16_note.pdf Graphic file (type pdf)

<use ../lectures/16_alignment_rl_1/lecture_16_note.pdf, page 12>
File: ../lectures/16_alignment_rl_1/lecture_16_note.pdf Graphic file (type pdf)

<use ../lectures/16_alignment_rl_1/lecture_16_note.pdf, page 12>


File: ../lectures/16_alignment_rl_1/lecture_16_note.pdf Graphic file (type pdf)

<use ../lectures/16_alignment_rl_1/lecture_16_note.pdf, page 12>
[302

]
File: ../lectures/16_alignment_rl_1/lecture_16_note.pdf Graphic file (type pdf)

<use ../lectures/16_alignment_rl_1/lecture_16_note.pdf, page 13>
File: ../lectures/16_alignment_rl_1/lecture_16_note.pdf Graphic file (type pdf)

<use ../lectures/16_alignment_rl_1/lecture_16_note.pdf, page 13>


File: ../lectures/16_alignment_rl_1/lecture_16_note.pdf Graphic file (type pdf)

<use ../lectures/16_alignment_rl_1/lecture_16_note.pdf, page 13>
[303

]
File: ../lectures/16_alignment_rl_1/lecture_16_note.pdf Graphic file (type pdf)

<use ../lectures/16_alignment_rl_1/lecture_16_note.pdf, page 14>
File: ../lectures/16_alignment_rl_1/lecture_16_note.pdf Graphic file (type pdf)

<use ../lectures/16_alignment_rl_1/lecture_16_note.pdf, page 14>


File: ../lectures/16_alignment_rl_1/lecture_16_note.pdf Graphic file (type pdf)

<use ../lectures/16_alignment_rl_1/lecture_16_note.pdf, page 14>
[304

]
File: ../lectures/16_alignment_rl_1/lecture_16_note.pdf Graphic file (type pdf)

<use ../lectures/16_alignment_rl_1/lecture_16_note.pdf, page 15>
File: ../lectures/16_alignment_rl_1/lecture_16_note.pdf Graphic file (type pdf)

<use ../lectures/16_alignment_rl_1/lecture_16_note.pdf, page 15>


File: ../lectures/16_alignment_rl_1/lecture_16_note.pdf Graphic file (type pdf)

<use ../lectures/16_alignment_rl_1/lecture_16_note.pdf, page 15>
[305

]
File: ../lectures/16_alignment_rl_1/lecture_16_note.pdf Graphic file (type pdf)

<use ../lectures/16_alignment_rl_1/lecture_16_note.pdf, page 16>
File: ../lectures/16_alignment_rl_1/lecture_16_note.pdf Graphic file (type pdf)

<use ../lectures/16_alignment_rl_1/lecture_16_note.pdf, page 16>


File: ../lectures/16_alignment_rl_1/lecture_16_note.pdf Graphic file (type pdf)

<use ../lectures/16_alignment_rl_1/lecture_16_note.pdf, page 16>
[306

]
File: ../lectures/16_alignment_rl_1/lecture_16_note.pdf Graphic file (type pdf)

<use ../lectures/16_alignment_rl_1/lecture_16_note.pdf, page 17>
File: ../lectures/16_alignment_rl_1/lecture_16_note.pdf Graphic file (type pdf)

<use ../lectures/16_alignment_rl_1/lecture_16_note.pdf, page 17>


File: ../lectures/16_alignment_rl_1/lecture_16_note.pdf Graphic file (type pdf)

<use ../lectures/16_alignment_rl_1/lecture_16_note.pdf, page 17>
[307

]
File: ../lectures/16_alignment_rl_1/lecture_16_note.pdf Graphic file (type pdf)

<use ../lectures/16_alignment_rl_1/lecture_16_note.pdf, page 18>
File: ../lectures/16_alignment_rl_1/lecture_16_note.pdf Graphic file (type pdf)

<use ../lectures/16_alignment_rl_1/lecture_16_note.pdf, page 18>


File: ../lectures/16_alignment_rl_1/lecture_16_note.pdf Graphic file (type pdf)

<use ../lectures/16_alignment_rl_1/lecture_16_note.pdf, page 18>
[308

]
File: ../lectures/17_alignment_rl_2/lecture_17_note.pdf Graphic file (type pdf)

<use ../lectures/17_alignment_rl_2/lecture_17_note.pdf>
File: ../lectures/17_alignment_rl_2/lecture_17_note.pdf Graphic file (type pdf)

<use ../lectures/17_alignment_rl_2/lecture_17_note.pdf, page 1>
File: ../lectures/17_alignment_rl_2/lecture_17_note.pdf Graphic file (type pdf)

<use ../lectures/17_alignment_rl_2/lecture_17_note.pdf, page 1>


[309]
File: ../lectures/17_alignment_rl_2/lecture_17_note.pdf Graphic file (type pdf)

<use ../lectures/17_alignment_rl_2/lecture_17_note.pdf, page 1>
File: ../lectures/17_alignment_rl_2/lecture_17_note.pdf Graphic file (type pdf)

<use ../lectures/17_alignment_rl_2/lecture_17_note.pdf, page 1>


File: ../lectures/17_alignment_rl_2/lecture_17_note.pdf Graphic file (type pdf)

<use ../lectures/17_alignment_rl_2/lecture_17_note.pdf, page 1>
[310

]
File: ../lectures/17_alignment_rl_2/lecture_17_note.pdf Graphic file (type pdf)

<use ../lectures/17_alignment_rl_2/lecture_17_note.pdf, page 2>
File: ../lectures/17_alignment_rl_2/lecture_17_note.pdf Graphic file (type pdf)

<use ../lectures/17_alignment_rl_2/lecture_17_note.pdf, page 2>


File: ../lectures/17_alignment_rl_2/lecture_17_note.pdf Graphic file (type pdf)

<use ../lectures/17_alignment_rl_2/lecture_17_note.pdf, page 2>
[311

]
File: ../lectures/17_alignment_rl_2/lecture_17_note.pdf Graphic file (type pdf)

<use ../lectures/17_alignment_rl_2/lecture_17_note.pdf, page 3>
File: ../lectures/17_alignment_rl_2/lecture_17_note.pdf Graphic file (type pdf)

<use ../lectures/17_alignment_rl_2/lecture_17_note.pdf, page 3>


File: ../lectures/17_alignment_rl_2/lecture_17_note.pdf Graphic file (type pdf)

<use ../lectures/17_alignment_rl_2/lecture_17_note.pdf, page 3>
[312

]
File: ../lectures/17_alignment_rl_2/lecture_17_note.pdf Graphic file (type pdf)

<use ../lectures/17_alignment_rl_2/lecture_17_note.pdf, page 4>
File: ../lectures/17_alignment_rl_2/lecture_17_note.pdf Graphic file (type pdf)

<use ../lectures/17_alignment_rl_2/lecture_17_note.pdf, page 4>


File: ../lectures/17_alignment_rl_2/lecture_17_note.pdf Graphic file (type pdf)

<use ../lectures/17_alignment_rl_2/lecture_17_note.pdf, page 4>
[313

]
File: ../lectures/17_alignment_rl_2/lecture_17_note.pdf Graphic file (type pdf)

<use ../lectures/17_alignment_rl_2/lecture_17_note.pdf, page 5>
File: ../lectures/17_alignment_rl_2/lecture_17_note.pdf Graphic file (type pdf)

<use ../lectures/17_alignment_rl_2/lecture_17_note.pdf, page 5>


File: ../lectures/17_alignment_rl_2/lecture_17_note.pdf Graphic file (type pdf)

<use ../lectures/17_alignment_rl_2/lecture_17_note.pdf, page 5>
[314

]
File: ../lectures/17_alignment_rl_2/lecture_17_note.pdf Graphic file (type pdf)

<use ../lectures/17_alignment_rl_2/lecture_17_note.pdf, page 6>
File: ../lectures/17_alignment_rl_2/lecture_17_note.pdf Graphic file (type pdf)

<use ../lectures/17_alignment_rl_2/lecture_17_note.pdf, page 6>


File: ../lectures/17_alignment_rl_2/lecture_17_note.pdf Graphic file (type pdf)

<use ../lectures/17_alignment_rl_2/lecture_17_note.pdf, page 6>
[315

]
File: ../lectures/17_alignment_rl_2/lecture_17_note.pdf Graphic file (type pdf)

<use ../lectures/17_alignment_rl_2/lecture_17_note.pdf, page 7>
File: ../lectures/17_alignment_rl_2/lecture_17_note.pdf Graphic file (type pdf)

<use ../lectures/17_alignment_rl_2/lecture_17_note.pdf, page 7>


File: ../lectures/17_alignment_rl_2/lecture_17_note.pdf Graphic file (type pdf)

<use ../lectures/17_alignment_rl_2/lecture_17_note.pdf, page 7>
[316

]
File: ../lectures/17_alignment_rl_2/lecture_17_note.pdf Graphic file (type pdf)

<use ../lectures/17_alignment_rl_2/lecture_17_note.pdf, page 8>
File: ../lectures/17_alignment_rl_2/lecture_17_note.pdf Graphic file (type pdf)

<use ../lectures/17_alignment_rl_2/lecture_17_note.pdf, page 8>


File: ../lectures/17_alignment_rl_2/lecture_17_note.pdf Graphic file (type pdf)

<use ../lectures/17_alignment_rl_2/lecture_17_note.pdf, page 8>
[317

]
File: ../lectures/17_alignment_rl_2/lecture_17_note.pdf Graphic file (type pdf)

<use ../lectures/17_alignment_rl_2/lecture_17_note.pdf, page 9>
File: ../lectures/17_alignment_rl_2/lecture_17_note.pdf Graphic file (type pdf)

<use ../lectures/17_alignment_rl_2/lecture_17_note.pdf, page 9>


File: ../lectures/17_alignment_rl_2/lecture_17_note.pdf Graphic file (type pdf)

<use ../lectures/17_alignment_rl_2/lecture_17_note.pdf, page 9>
[318

]
File: ../lectures/17_alignment_rl_2/lecture_17_note.pdf Graphic file (type pdf)

<use ../lectures/17_alignment_rl_2/lecture_17_note.pdf, page 10>
File: ../lectures/17_alignment_rl_2/lecture_17_note.pdf Graphic file (type pdf)

<use ../lectures/17_alignment_rl_2/lecture_17_note.pdf, page 10>


File: ../lectures/17_alignment_rl_2/lecture_17_note.pdf Graphic file (type pdf)

<use ../lectures/17_alignment_rl_2/lecture_17_note.pdf, page 10>
[319

]
File: ../lectures/17_alignment_rl_2/lecture_17_note.pdf Graphic file (type pdf)

<use ../lectures/17_alignment_rl_2/lecture_17_note.pdf, page 11>
File: ../lectures/17_alignment_rl_2/lecture_17_note.pdf Graphic file (type pdf)

<use ../lectures/17_alignment_rl_2/lecture_17_note.pdf, page 11>


File: ../lectures/17_alignment_rl_2/lecture_17_note.pdf Graphic file (type pdf)

<use ../lectures/17_alignment_rl_2/lecture_17_note.pdf, page 11>
[320

]
File: ../lectures/17_alignment_rl_2/lecture_17_note.pdf Graphic file (type pdf)

<use ../lectures/17_alignment_rl_2/lecture_17_note.pdf, page 12>
File: ../lectures/17_alignment_rl_2/lecture_17_note.pdf Graphic file (type pdf)

<use ../lectures/17_alignment_rl_2/lecture_17_note.pdf, page 12>


File: ../lectures/17_alignment_rl_2/lecture_17_note.pdf Graphic file (type pdf)

<use ../lectures/17_alignment_rl_2/lecture_17_note.pdf, page 12>
[321

]
File: ../lectures/17_alignment_rl_2/lecture_17_note.pdf Graphic file (type pdf)

<use ../lectures/17_alignment_rl_2/lecture_17_note.pdf, page 13>
File: ../lectures/17_alignment_rl_2/lecture_17_note.pdf Graphic file (type pdf)

<use ../lectures/17_alignment_rl_2/lecture_17_note.pdf, page 13>


File: ../lectures/17_alignment_rl_2/lecture_17_note.pdf Graphic file (type pdf)

<use ../lectures/17_alignment_rl_2/lecture_17_note.pdf, page 13>
[322

]
File: ../lectures/17_alignment_rl_2/lecture_17_note.pdf Graphic file (type pdf)

<use ../lectures/17_alignment_rl_2/lecture_17_note.pdf, page 14>
File: ../lectures/17_alignment_rl_2/lecture_17_note.pdf Graphic file (type pdf)

<use ../lectures/17_alignment_rl_2/lecture_17_note.pdf, page 14>


File: ../lectures/17_alignment_rl_2/lecture_17_note.pdf Graphic file (type pdf)

<use ../lectures/17_alignment_rl_2/lecture_17_note.pdf, page 14>
[323

]
File: ../lectures/17_alignment_rl_2/lecture_17_note.pdf Graphic file (type pdf)

<use ../lectures/17_alignment_rl_2/lecture_17_note.pdf, page 15>
File: ../lectures/17_alignment_rl_2/lecture_17_note.pdf Graphic file (type pdf)

<use ../lectures/17_alignment_rl_2/lecture_17_note.pdf, page 15>


File: ../lectures/17_alignment_rl_2/lecture_17_note.pdf Graphic file (type pdf)

<use ../lectures/17_alignment_rl_2/lecture_17_note.pdf, page 15>
[324

]
File: ../lectures/17_alignment_rl_2/lecture_17_note.pdf Graphic file (type pdf)

<use ../lectures/17_alignment_rl_2/lecture_17_note.pdf, page 16>
File: ../lectures/17_alignment_rl_2/lecture_17_note.pdf Graphic file (type pdf)

<use ../lectures/17_alignment_rl_2/lecture_17_note.pdf, page 16>


File: ../lectures/17_alignment_rl_2/lecture_17_note.pdf Graphic file (type pdf)

<use ../lectures/17_alignment_rl_2/lecture_17_note.pdf, page 16>
[325

]
File: ../lectures/17_alignment_rl_2/lecture_17_note.pdf Graphic file (type pdf)

<use ../lectures/17_alignment_rl_2/lecture_17_note.pdf, page 17>
File: ../lectures/17_alignment_rl_2/lecture_17_note.pdf Graphic file (type pdf)

<use ../lectures/17_alignment_rl_2/lecture_17_note.pdf, page 17>


File: ../lectures/17_alignment_rl_2/lecture_17_note.pdf Graphic file (type pdf)

<use ../lectures/17_alignment_rl_2/lecture_17_note.pdf, page 17>
[326

]
File: ../lectures/17_alignment_rl_2/lecture_17_note.pdf Graphic file (type pdf)

<use ../lectures/17_alignment_rl_2/lecture_17_note.pdf, page 18>
File: ../lectures/17_alignment_rl_2/lecture_17_note.pdf Graphic file (type pdf)

<use ../lectures/17_alignment_rl_2/lecture_17_note.pdf, page 18>


File: ../lectures/17_alignment_rl_2/lecture_17_note.pdf Graphic file (type pdf)

<use ../lectures/17_alignment_rl_2/lecture_17_note.pdf, page 18>
[327

]
File: ../lectures/18_guest_dan_fu/lecture_18_note.pdf Graphic file (type pdf)
<use ../lectures/18_guest_dan_fu/lecture_18_note.pdf>
File: ../lectures/18_guest_dan_fu/lecture_18_note.pdf Graphic file (type pdf)
<use ../lectures/18_guest_dan_fu/lecture_18_note.pdf, page 1>
File: ../lectures/18_guest_dan_fu/lecture_18_note.pdf Graphic file (type pdf)
<use ../lectures/18_guest_dan_fu/lecture_18_note.pdf, page 1>


[328]
File: ../lectures/18_guest_dan_fu/lecture_18_note.pdf Graphic file (type pdf)
<use ../lectures/18_guest_dan_fu/lecture_18_note.pdf, page 1>
File: ../lectures/18_guest_dan_fu/lecture_18_note.pdf Graphic file (type pdf)
<use ../lectures/18_guest_dan_fu/lecture_18_note.pdf, page 1>


File: ../lectures/18_guest_dan_fu/lecture_18_note.pdf Graphic file (type pdf)
<use ../lectures/18_guest_dan_fu/lecture_18_note.pdf, page 1>
[329

]
File: ../lectures/18_guest_dan_fu/lecture_18_note.pdf Graphic file (type pdf)
<use ../lectures/18_guest_dan_fu/lecture_18_note.pdf, page 2>
File: ../lectures/18_guest_dan_fu/lecture_18_note.pdf Graphic file (type pdf)
<use ../lectures/18_guest_dan_fu/lecture_18_note.pdf, page 2>


File: ../lectures/18_guest_dan_fu/lecture_18_note.pdf Graphic file (type pdf)
<use ../lectures/18_guest_dan_fu/lecture_18_note.pdf, page 2>
[330

]
File: ../lectures/18_guest_dan_fu/lecture_18_note.pdf Graphic file (type pdf)
<use ../lectures/18_guest_dan_fu/lecture_18_note.pdf, page 3>
File: ../lectures/18_guest_dan_fu/lecture_18_note.pdf Graphic file (type pdf)
<use ../lectures/18_guest_dan_fu/lecture_18_note.pdf, page 3>


File: ../lectures/18_guest_dan_fu/lecture_18_note.pdf Graphic file (type pdf)
<use ../lectures/18_guest_dan_fu/lecture_18_note.pdf, page 3>
[331

]
File: ../lectures/18_guest_dan_fu/lecture_18_note.pdf Graphic file (type pdf)
<use ../lectures/18_guest_dan_fu/lecture_18_note.pdf, page 4>
File: ../lectures/18_guest_dan_fu/lecture_18_note.pdf Graphic file (type pdf)
<use ../lectures/18_guest_dan_fu/lecture_18_note.pdf, page 4>


File: ../lectures/18_guest_dan_fu/lecture_18_note.pdf Graphic file (type pdf)
<use ../lectures/18_guest_dan_fu/lecture_18_note.pdf, page 4>
[332

]
File: ../lectures/18_guest_dan_fu/lecture_18_note.pdf Graphic file (type pdf)
<use ../lectures/18_guest_dan_fu/lecture_18_note.pdf, page 5>
File: ../lectures/18_guest_dan_fu/lecture_18_note.pdf Graphic file (type pdf)
<use ../lectures/18_guest_dan_fu/lecture_18_note.pdf, page 5>


File: ../lectures/18_guest_dan_fu/lecture_18_note.pdf Graphic file (type pdf)
<use ../lectures/18_guest_dan_fu/lecture_18_note.pdf, page 5>
[333

]
File: ../lectures/18_guest_dan_fu/lecture_18_note.pdf Graphic file (type pdf)
<use ../lectures/18_guest_dan_fu/lecture_18_note.pdf, page 6>
File: ../lectures/18_guest_dan_fu/lecture_18_note.pdf Graphic file (type pdf)
<use ../lectures/18_guest_dan_fu/lecture_18_note.pdf, page 6>


File: ../lectures/18_guest_dan_fu/lecture_18_note.pdf Graphic file (type pdf)
<use ../lectures/18_guest_dan_fu/lecture_18_note.pdf, page 6>
[334

]
File: ../lectures/18_guest_dan_fu/lecture_18_note.pdf Graphic file (type pdf)
<use ../lectures/18_guest_dan_fu/lecture_18_note.pdf, page 7>
File: ../lectures/18_guest_dan_fu/lecture_18_note.pdf Graphic file (type pdf)
<use ../lectures/18_guest_dan_fu/lecture_18_note.pdf, page 7>


File: ../lectures/18_guest_dan_fu/lecture_18_note.pdf Graphic file (type pdf)
<use ../lectures/18_guest_dan_fu/lecture_18_note.pdf, page 7>
[335

]
File: ../lectures/18_guest_dan_fu/lecture_18_note.pdf Graphic file (type pdf)
<use ../lectures/18_guest_dan_fu/lecture_18_note.pdf, page 8>
File: ../lectures/18_guest_dan_fu/lecture_18_note.pdf Graphic file (type pdf)
<use ../lectures/18_guest_dan_fu/lecture_18_note.pdf, page 8>


File: ../lectures/18_guest_dan_fu/lecture_18_note.pdf Graphic file (type pdf)
<use ../lectures/18_guest_dan_fu/lecture_18_note.pdf, page 8>
[336

]
File: ../lectures/18_guest_dan_fu/lecture_18_note.pdf Graphic file (type pdf)
<use ../lectures/18_guest_dan_fu/lecture_18_note.pdf, page 9>
File: ../lectures/18_guest_dan_fu/lecture_18_note.pdf Graphic file (type pdf)
<use ../lectures/18_guest_dan_fu/lecture_18_note.pdf, page 9>


File: ../lectures/18_guest_dan_fu/lecture_18_note.pdf Graphic file (type pdf)
<use ../lectures/18_guest_dan_fu/lecture_18_note.pdf, page 9>
[337

]
File: ../lectures/18_guest_dan_fu/lecture_18_note.pdf Graphic file (type pdf)
<use ../lectures/18_guest_dan_fu/lecture_18_note.pdf, page 10>
File: ../lectures/18_guest_dan_fu/lecture_18_note.pdf Graphic file (type pdf)
<use ../lectures/18_guest_dan_fu/lecture_18_note.pdf, page 10>


File: ../lectures/18_guest_dan_fu/lecture_18_note.pdf Graphic file (type pdf)
<use ../lectures/18_guest_dan_fu/lecture_18_note.pdf, page 10>
[338

]
File: ../lectures/18_guest_dan_fu/lecture_18_note.pdf Graphic file (type pdf)
<use ../lectures/18_guest_dan_fu/lecture_18_note.pdf, page 11>
File: ../lectures/18_guest_dan_fu/lecture_18_note.pdf Graphic file (type pdf)
<use ../lectures/18_guest_dan_fu/lecture_18_note.pdf, page 11>


File: ../lectures/18_guest_dan_fu/lecture_18_note.pdf Graphic file (type pdf)
<use ../lectures/18_guest_dan_fu/lecture_18_note.pdf, page 11>
[339

]
File: ../lectures/18_guest_dan_fu/lecture_18_note.pdf Graphic file (type pdf)
<use ../lectures/18_guest_dan_fu/lecture_18_note.pdf, page 12>
File: ../lectures/18_guest_dan_fu/lecture_18_note.pdf Graphic file (type pdf)
<use ../lectures/18_guest_dan_fu/lecture_18_note.pdf, page 12>


File: ../lectures/18_guest_dan_fu/lecture_18_note.pdf Graphic file (type pdf)
<use ../lectures/18_guest_dan_fu/lecture_18_note.pdf, page 12>
[340

]
File: ../lectures/18_guest_dan_fu/lecture_18_note.pdf Graphic file (type pdf)
<use ../lectures/18_guest_dan_fu/lecture_18_note.pdf, page 13>
File: ../lectures/18_guest_dan_fu/lecture_18_note.pdf Graphic file (type pdf)
<use ../lectures/18_guest_dan_fu/lecture_18_note.pdf, page 13>


File: ../lectures/18_guest_dan_fu/lecture_18_note.pdf Graphic file (type pdf)
<use ../lectures/18_guest_dan_fu/lecture_18_note.pdf, page 13>
[341

]
File: ../lectures/18_guest_dan_fu/lecture_18_note.pdf Graphic file (type pdf)
<use ../lectures/18_guest_dan_fu/lecture_18_note.pdf, page 14>
File: ../lectures/18_guest_dan_fu/lecture_18_note.pdf Graphic file (type pdf)
<use ../lectures/18_guest_dan_fu/lecture_18_note.pdf, page 14>


File: ../lectures/18_guest_dan_fu/lecture_18_note.pdf Graphic file (type pdf)
<use ../lectures/18_guest_dan_fu/lecture_18_note.pdf, page 14>
[342

]
File: ../lectures/18_guest_dan_fu/lecture_18_note.pdf Graphic file (type pdf)
<use ../lectures/18_guest_dan_fu/lecture_18_note.pdf, page 15>
File: ../lectures/18_guest_dan_fu/lecture_18_note.pdf Graphic file (type pdf)
<use ../lectures/18_guest_dan_fu/lecture_18_note.pdf, page 15>


File: ../lectures/18_guest_dan_fu/lecture_18_note.pdf Graphic file (type pdf)
<use ../lectures/18_guest_dan_fu/lecture_18_note.pdf, page 15>
[343

]
File: ../lectures/18_guest_dan_fu/lecture_18_note.pdf Graphic file (type pdf)
<use ../lectures/18_guest_dan_fu/lecture_18_note.pdf, page 16>
File: ../lectures/18_guest_dan_fu/lecture_18_note.pdf Graphic file (type pdf)
<use ../lectures/18_guest_dan_fu/lecture_18_note.pdf, page 16>


File: ../lectures/18_guest_dan_fu/lecture_18_note.pdf Graphic file (type pdf)
<use ../lectures/18_guest_dan_fu/lecture_18_note.pdf, page 16>
[344

]
File: ../lectures/18_guest_dan_fu/lecture_18_note.pdf Graphic file (type pdf)
<use ../lectures/18_guest_dan_fu/lecture_18_note.pdf, page 17>
File: ../lectures/18_guest_dan_fu/lecture_18_note.pdf Graphic file (type pdf)
<use ../lectures/18_guest_dan_fu/lecture_18_note.pdf, page 17>


File: ../lectures/18_guest_dan_fu/lecture_18_note.pdf Graphic file (type pdf)
<use ../lectures/18_guest_dan_fu/lecture_18_note.pdf, page 17>
[345

]
File: ../lectures/18_guest_dan_fu/lecture_18_note.pdf Graphic file (type pdf)
<use ../lectures/18_guest_dan_fu/lecture_18_note.pdf, page 18>
File: ../lectures/18_guest_dan_fu/lecture_18_note.pdf Graphic file (type pdf)
<use ../lectures/18_guest_dan_fu/lecture_18_note.pdf, page 18>


File: ../lectures/18_guest_dan_fu/lecture_18_note.pdf Graphic file (type pdf)
<use ../lectures/18_guest_dan_fu/lecture_18_note.pdf, page 18>
[346

]

[347] (./cs336_complete_notes.aux)
 ***********
LaTeX2e <2024-11-01> patch level 2
L3 programming layer <2022/07/14>
 ***********
Package rerunfilecheck Info: File `cs336_complete_notes.out' has not changed.
(rerunfilecheck)             Checksum: 497AC3F57E93F5385134484BF15367AB;3645.
 ) 
Here is how much of TeX's memory you used:
 16307 strings out of 473832
 389888 string characters out of 5729482
 778425 words of memory out of 5000000
 39097 multiletter control sequences out of 15000+600000
 564707 words of font info for 78 fonts, out of 8000000 for 9000
 1348 hyphenation exceptions out of 8191
 93i,17n,112p,392b,486s stack positions out of 10000i,1000n,20000p,200000b,200000s

Output written on cs336_complete_notes.pdf (347 pages).
